[run number],Subsidy,Moving_Cost_Multiplier,[step],OBJECTIVE
3,0.03,1,34,1.35E+08
4,0.04,1,34,1.72E+08
1,0.01,1,35,5.97E+07
2,0.02,1,35,9.74E+07
7,0.07,1,33,2.85E+08
5,0.05,1,34,2.10E+08
8,0.08,1,33,3.22E+08
6,0.06,1,34,2.47E+08
10,0.1,1,33,3.97E+08
11,0.11,1,33,4.35E+08
9,0.09,1,33,3.60E+08
12,0.12,1,32,4.72E+08
13,0.13,1,32,5.10E+08
14,0.14,1,32,5.47E+08
15,0.15,1,32,5.85E+08
16,0.16,1,31,6.23E+08
17,0.17,1,31,6.60E+08
18,0.18,1,31,6.98E+08
19,0.19,1,31,7.37E+08
20,0.2,1,30,7.75E+08
21,0.21,1,30,8.13E+08
22,0.22,1,30,8.52E+08
23,0.23,1,30,8.91E+08
24,0.24,1,29,9.31E+08
25,0.25,1,29,9.70E+08
26,0.26,1,29,1.01E+09
27,0.27,1,29,1.05E+09
28,0.28,1,29,1.09E+09
29,0.29,1,28,1.13E+09
31,0.31,1,28,1.21E+09
30,0.3,1,28,1.17E+09
32,0.32,1,28,1.25E+09
33,0.33,1,27,1.29E+09
34,0.34,1,27,1.32E+09
35,0.35,1,27,1.36E+09
36,0.36,1,27,1.40E+09
37,0.37,1,26,1.44E+09
39,0.39,1,26,1.52E+09
38,0.38,1,26,1.48E+09
40,0.4,1,26,1.56E+09
41,0.41,1,25,1.60E+09
42,0.42,1,25,1.64E+09
43,0.43,1,25,1.67E+09
44,0.44,1,25,1.71E+09
45,0.45,1,24,1.75E+09
46,0.46,1,24,1.79E+09
47,0.47,1,24,1.83E+09
48,0.48,1,23,1.87E+09
49,0.49,1,23,1.91E+09
50,0.5,1,23,1.95E+09
51,0.51,1,23,1.99E+09
52,0.52,1,22,2.02E+09
53,0.53,1,22,2.06E+09
54,0.54,1,22,2.10E+09
55,0.55,1,21,2.14E+09
56,0.56,1,21,2.18E+09
57,0.57,1,21,2.22E+09
59,0.59,1,20,2.30E+09
58,0.58,1,21,2.26E+09
60,0.6,1,20,2.34E+09
61,0.61,1,20,2.38E+09
62,0.62,1,19,2.41E+09
63,0.63,1,19,2.45E+09
64,0.64,1,19,2.49E+09
65,0.65,1,18,2.53E+09
66,0.66,1,18,2.57E+09
67,0.67,1,18,2.61E+09
68,0.68,1,17,2.65E+09
69,0.69,1,17,2.69E+09
71,0.71,1,16,2.77E+09
70,0.7,1,17,2.73E+09
72,0.72,1,16,2.81E+09
73,0.73,1,16,2.84E+09
74,0.74,1,15,2.88E+09
75,0.75,1,15,2.92E+09
76,0.76,1,14,2.96E+09
77,0.77,1,14,3.00E+09
78,0.78,1,14,3.04E+09
80,0.8,1,13,3.12E+09
79,0.79,1,13,3.08E+09
81,0.81,1,12,3.16E+09
82,0.82,1,12,3.20E+09
84,0.84,1,11,3.28E+09
83,0.83,1,12,3.24E+09
85,0.85,1,11,3.32E+09
86,0.86,1,10,3.36E+09
87,0.87,1,10,3.39E+09
88,0.88,1,9,3.43E+09
89,0.89,1,9,3.47E+09
90,0.9,1,8,3.51E+09
92,0.92,1,7,3.59E+09
91,0.91,1,7,3.55E+09
93,0.93,1,6,3.63E+09
94,0.94,1,5,3.67E+09
96,0.96,1,4,3.75E+09
95,0.95,1,5,3.71E+09
97,0.97,1,3,3.78E+09
99,0.99,1,1,3862895850
100,1,1,1,3901915000
98,0.98,1,2,3.82E+09
101,0.01,2,53,1.66E+08
104,0.04,2,53,2.69E+08
103,0.03,2,53,2.35E+08
102,0.02,2,53,2.01E+08
105,0.05,2,53,3.03E+08
106,0.06,2,52,3.37E+08
107,0.07,2,52,3.72E+08
108,0.08,2,52,4.07E+08
109,0.09,2,52,4.40E+08
110,0.1,2,52,4.75E+08
111,0.11,2,52,5.09E+08
112,0.12,2,52,5.44E+08
113,0.13,2,51,5.79E+08
114,0.14,2,51,6.13E+08
115,0.15,2,51,6.48E+08
116,0.16,2,51,6.83E+08
117,0.17,2,51,7.18E+08
118,0.18,2,51,7.53E+08
119,0.19,2,50,7.88E+08
120,0.2,2,50,8.23E+08
121,0.21,2,50,8.57E+08
122,0.22,2,50,8.92E+08
124,0.24,2,50,9.61E+08
123,0.23,2,50,9.27E+08
125,0.25,2,49,9.97E+08
126,0.26,2,49,1.03E+09
127,0.27,2,49,1.07E+09
128,0.28,2,49,1.10E+09
129,0.29,2,49,1.14E+09
130,0.3,2,49,1.17E+09
131,0.31,2,48,1.21E+09
132,0.32,2,48,1.25E+09
133,0.33,2,48,1.28E+09
134,0.34,2,48,1.32E+09
135,0.35,2,48,1.35E+09
136,0.36,2,48,1.39E+09
137,0.37,2,47,1.43E+09
138,0.38,2,47,1.46E+09
139,0.39,2,47,1.50E+09
140,0.4,2,47,1.53E+09
141,0.41,2,47,1.57E+09
142,0.42,2,47,1.61E+09
143,0.43,2,46,1.64E+09
144,0.44,2,46,1.68E+09
145,0.45,2,46,1.72E+09
146,0.46,2,46,1.75E+09
147,0.47,2,46,1.79E+09
148,0.48,2,45,1.82E+09
149,0.49,2,45,1.86E+09
150,0.5,2,45,1.90E+09
151,0.51,2,45,1.94E+09
152,0.52,2,45,1.97E+09
153,0.53,2,45,2.01E+09
154,0.54,2,44,2.05E+09
155,0.55,2,44,2.08E+09
156,0.56,2,44,2.12E+09
157,0.57,2,44,2.16E+09
158,0.58,2,44,2.19E+09
159,0.59,2,43,2.23E+09
160,0.6,2,43,2.27E+09
161,0.61,2,43,2.30E+09
162,0.62,2,43,2.34E+09
163,0.63,2,43,2.38E+09
164,0.64,2,42,2.41E+09
165,0.65,2,42,2.45E+09
166,0.66,2,42,2.49E+09
169,0.69,2,41,2.60E+09
168,0.68,2,42,2.56E+09
167,0.67,2,42,2.52E+09
170,0.7,2,41,2.63E+09
171,0.71,2,41,2.67E+09
172,0.72,2,41,2.71E+09
173,0.73,2,41,2.75E+09
174,0.74,2,40,2.78E+09
175,0.75,2,40,2.82E+09
177,0.77,2,40,2.90E+09
176,0.76,2,40,2.86E+09
178,0.78,2,40,2.93E+09
179,0.79,2,39,2.97E+09
180,0.8,2,39,3.01E+09
181,0.81,2,39,3.05E+09
182,0.82,2,39,3.09E+09
183,0.83,2,39,3.13E+09
184,0.84,2,38,3.17E+09
185,0.85,2,38,3.21E+09
186,0.86,2,38,3.25E+09
187,0.87,2,38,3.29E+09
188,0.88,2,38,3.33E+09
189,0.89,2,37,3.37E+09
190,0.9,2,37,3.41E+09
191,0.91,2,37,3.45E+09
193,0.93,2,36,3.53E+09
192,0.92,2,37,3.49E+09
194,0.94,2,36,3.57E+09
195,0.95,2,36,3.61E+09
196,0.96,2,36,3.65E+09
197,0.97,2,36,3.69E+09
198,0.98,2,35,3.73E+09
199,0.99,2,35,3.77E+09
200,1,2,35,3.81E+09
201,0.01,3,66,4.18E+08
202,0.02,3,66,4.49E+08
203,0.03,3,65,4.79E+08
204,0.04,3,65,5.10E+08
205,0.05,3,65,5.40E+08
206,0.06,3,65,5.72E+08
207,0.07,3,65,6.03E+08
208,0.08,3,65,6.35E+08
209,0.09,3,65,6.64E+08
210,0.1,3,65,6.96E+08
211,0.11,3,65,7.27E+08
212,0.12,3,64,7.58E+08
213,0.13,3,64,7.89E+08
214,0.14,3,64,8.20E+08
215,0.15,3,64,8.51E+08
216,0.16,3,64,8.83E+08
217,0.17,3,64,9.14E+08
218,0.18,3,64,9.46E+08
219,0.19,3,64,9.78E+08
220,0.2,3,64,1.01E+09
221,0.21,3,63,1.04E+09
222,0.22,3,63,1.07E+09
223,0.23,3,63,1.10E+09
224,0.24,3,63,1.14E+09
226,0.26,3,63,1.20E+09
225,0.25,3,63,1.17E+09
227,0.27,3,63,1.23E+09
228,0.28,3,63,1.26E+09
229,0.29,3,62,1.30E+09
230,0.3,3,62,1.33E+09
231,0.31,3,62,1.36E+09
232,0.32,3,62,1.39E+09
233,0.33,3,62,1.42E+09
234,0.34,3,62,1.46E+09
235,0.35,3,62,1.49E+09
236,0.36,3,62,1.52E+09
237,0.37,3,62,1.55E+09
238,0.38,3,61,1.58E+09
239,0.39,3,61,1.62E+09
240,0.4,3,61,1.65E+09
241,0.41,3,61,1.68E+09
242,0.42,3,61,1.71E+09
243,0.43,3,61,1.75E+09
244,0.44,3,61,1.78E+09
245,0.45,3,61,1.81E+09
246,0.46,3,60,1.84E+09
247,0.47,3,60,1.88E+09
248,0.48,3,60,1.91E+09
249,0.49,3,60,1.94E+09
251,0.51,3,60,2.01E+09
250,0.5,3,60,1.97E+09
252,0.52,3,60,2.04E+09
253,0.53,3,60,2.07E+09
254,0.54,3,60,2.11E+09
255,0.55,3,59,2.14E+09
256,0.56,3,59,2.18E+09
257,0.57,3,59,2.21E+09
258,0.58,3,59,2.24E+09
259,0.59,3,59,2.28E+09
260,0.6,3,59,2.31E+09
261,0.61,3,59,2.34E+09
262,0.62,3,59,2.38E+09
263,0.63,3,58,2.41E+09
264,0.64,3,58,2.44E+09
265,0.65,3,58,2.48E+09
266,0.66,3,58,2.51E+09
267,0.67,3,58,2.54E+09
268,0.68,3,58,2.58E+09
269,0.69,3,58,2.61E+09
270,0.7,3,57,2.65E+09
271,0.71,3,57,2.68E+09
272,0.72,3,57,2.72E+09
273,0.73,3,57,2.75E+09
274,0.74,3,57,2.78E+09
275,0.75,3,57,2.82E+09
276,0.76,3,57,2.85E+09
277,0.77,3,57,2.89E+09
278,0.78,3,56,2.92E+09
279,0.79,3,56,2.96E+09
280,0.8,3,56,2.99E+09
281,0.81,3,56,3.03E+09
282,0.82,3,56,3.06E+09
283,0.83,3,56,3.10E+09
284,0.84,3,56,3.13E+09
285,0.85,3,55,3.17E+09
286,0.86,3,55,3.20E+09
287,0.87,3,55,3.24E+09
288,0.88,3,55,3.27E+09
289,0.89,3,55,3.31E+09
290,0.9,3,55,3.34E+09
291,0.91,3,55,3.38E+09
292,0.92,3,54,3.42E+09
293,0.93,3,54,3.45E+09
294,0.94,3,54,3.49E+09
295,0.95,3,54,3.52E+09
296,0.96,3,54,3.56E+09
297,0.97,3,54,3.59E+09
298,0.98,3,54,3.63E+09
299,0.99,3,53,3.67E+09
300,1,3,53,3.70E+09
301,0.01,4,75,9.20E+08
302,0.02,4,75,9.46E+08
303,0.03,4,75,9.74E+08
304,0.04,4,75,1.00E+09
305,0.05,4,75,1.03E+09
306,0.06,4,75,1.05E+09
307,0.07,4,75,1.08E+09
308,0.08,4,75,1.10E+09
309,0.09,4,75,1.13E+09
310,0.1,4,75,1.16E+09
311,0.11,4,75,1.19E+09
312,0.12,4,74,1.21E+09
313,0.13,4,74,1.24E+09
314,0.14,4,74,1.27E+09
315,0.15,4,74,1.29E+09
316,0.16,4,74,1.32E+09
317,0.17,4,74,1.34E+09
318,0.18,4,74,1.37E+09
319,0.19,4,74,1.40E+09
320,0.2,4,74,1.42E+09
321,0.21,4,74,1.45E+09
322,0.22,4,74,1.48E+09
323,0.23,4,73,1.50E+09
324,0.24,4,73,1.53E+09
325,0.25,4,73,1.56E+09
326,0.26,4,73,1.58E+09
327,0.27,4,73,1.61E+09
328,0.28,4,73,1.64E+09
329,0.29,4,73,1.66E+09
330,0.3,4,73,1.69E+09
331,0.31,4,73,1.72E+09
332,0.32,4,73,1.74E+09
333,0.33,4,73,1.77E+09
334,0.34,4,72,1.80E+09
335,0.35,4,72,1.83E+09
336,0.36,4,72,1.86E+09
337,0.37,4,72,1.88E+09
338,0.38,4,72,1.91E+09
339,0.39,4,72,1.94E+09
340,0.4,4,72,1.97E+09
341,0.41,4,72,2.00E+09
342,0.42,4,72,2.03E+09
343,0.43,4,72,2.06E+09
344,0.44,4,71,2.09E+09
345,0.45,4,71,2.11E+09
346,0.46,4,71,2.14E+09
347,0.47,4,71,2.17E+09
348,0.48,4,71,2.20E+09
349,0.49,4,71,2.23E+09
350,0.5,4,71,2.26E+09
351,0.51,4,71,2.29E+09
352,0.52,4,71,2.32E+09
353,0.53,4,71,2.35E+09
354,0.54,4,70,2.38E+09
355,0.55,4,70,2.41E+09
356,0.56,4,70,2.44E+09
357,0.57,4,70,2.47E+09
358,0.58,4,70,2.49E+09
359,0.59,4,70,2.53E+09
360,0.6,4,70,2.55E+09
361,0.61,4,70,2.58E+09
362,0.62,4,70,2.61E+09
363,0.63,4,70,2.64E+09
364,0.64,4,69,2.67E+09
365,0.65,4,69,2.70E+09
366,0.66,4,69,2.73E+09
367,0.67,4,69,2.76E+09
368,0.68,4,69,2.79E+09
369,0.69,4,69,2.82E+09
370,0.7,4,69,2.85E+09
371,0.71,4,69,2.88E+09
372,0.72,4,69,2.91E+09
373,0.73,4,69,2.94E+09
374,0.74,4,68,2.97E+09
375,0.75,4,68,3.00E+09
377,0.77,4,68,3.07E+09
376,0.76,4,68,3.04E+09
378,0.78,4,68,3.10E+09
379,0.79,4,68,3.13E+09
380,0.8,4,68,3.16E+09
381,0.81,4,68,3.19E+09
382,0.82,4,68,3.22E+09
383,0.83,4,68,3.25E+09
384,0.84,4,67,3.28E+09
385,0.85,4,67,3.31E+09
386,0.86,4,67,3.34E+09
387,0.87,4,67,3.37E+09
388,0.88,4,67,3.40E+09
390,0.9,4,67,3.47E+09
389,0.89,4,67,3.43E+09
391,0.91,4,67,3.50E+09
392,0.92,4,67,3.53E+09
393,0.93,4,66,3.56E+09
394,0.94,4,66,3.59E+09
395,0.95,4,66,3.62E+09
396,0.96,4,66,3.65E+09
397,0.97,4,66,3.69E+09
398,0.98,4,66,3.72E+09
399,0.99,4,66,3.75E+09
400,1,4,66,3.78E+09
401,0.01,5,84,1.82E+09
402,0.02,5,84,1.84E+09
403,0.03,5,84,1.86E+09
404,0.04,5,84,1.88E+09
405,0.05,5,84,1.90E+09
406,0.06,5,84,1.92E+09
407,0.07,5,84,1.93E+09
408,0.08,5,84,1.95E+09
409,0.09,5,84,1.97E+09
410,0.1,5,84,2.00E+09
411,0.11,5,83,2.02E+09
412,0.12,5,83,2.04E+09
413,0.13,5,83,2.06E+09
414,0.14,5,83,2.07E+09
415,0.15,5,83,2.09E+09
416,0.16,5,83,2.12E+09
417,0.17,5,83,2.14E+09
418,0.18,5,83,2.16E+09
419,0.19,5,83,2.18E+09
420,0.2,5,83,2.20E+09
421,0.21,5,83,2.22E+09
422,0.22,5,82,2.25E+09
423,0.23,5,82,2.27E+09
424,0.24,5,82,2.29E+09
425,0.25,5,82,2.31E+09
426,0.26,5,82,2.34E+09
427,0.27,5,82,2.36E+09
428,0.28,5,82,2.38E+09
429,0.29,5,82,2.40E+09
430,0.3,5,82,2.42E+09
431,0.31,5,82,2.45E+09
432,0.32,5,82,2.47E+09
433,0.33,5,82,2.49E+09
434,0.34,5,81,2.51E+09
435,0.35,5,81,2.54E+09
436,0.36,5,81,2.55E+09
437,0.37,5,81,2.58E+09
438,0.38,5,81,2.60E+09
439,0.39,5,81,2.63E+09
440,0.4,5,81,2.65E+09
441,0.41,5,81,2.67E+09
442,0.42,5,81,2.69E+09
443,0.43,5,81,2.72E+09
444,0.44,5,81,2.74E+09
445,0.45,5,80,2.76E+09
446,0.46,5,80,2.78E+09
447,0.47,5,80,2.81E+09
448,0.48,5,80,2.83E+09
449,0.49,5,80,2.85E+09
450,0.5,5,80,2.88E+09
451,0.51,5,80,2.90E+09
452,0.52,5,80,2.92E+09
453,0.53,5,80,2.95E+09
454,0.54,5,80,2.97E+09
455,0.55,5,80,2.99E+09
456,0.56,5,80,3.02E+09
457,0.57,5,79,3.04E+09
458,0.58,5,79,3.07E+09
459,0.59,5,79,3.09E+09
460,0.6,5,79,3.12E+09
461,0.61,5,79,3.14E+09
462,0.62,5,79,3.17E+09
464,0.64,5,79,3.21E+09
463,0.63,5,79,3.19E+09
465,0.65,5,79,3.24E+09
466,0.66,5,79,3.26E+09
467,0.67,5,79,3.29E+09
468,0.68,5,78,3.31E+09
469,0.69,5,78,3.33E+09
470,0.7,5,78,3.36E+09
471,0.71,5,78,3.38E+09
472,0.72,5,78,3.40E+09
473,0.73,5,78,3.43E+09
474,0.74,5,78,3.46E+09
475,0.75,5,78,3.48E+09
476,0.76,5,78,3.51E+09
477,0.77,5,78,3.53E+09
478,0.78,5,78,3.56E+09
479,0.79,5,77,3.58E+09
480,0.8,5,77,3.61E+09
481,0.81,5,77,3.63E+09
482,0.82,5,77,3.66E+09
483,0.83,5,77,3.69E+09
484,0.84,5,77,3.71E+09
485,0.85,5,77,3.74E+09
486,0.86,5,77,3.77E+09
487,0.87,5,77,3.79E+09
488,0.88,5,77,3.82E+09
489,0.89,5,77,3.84E+09
490,0.9,5,76,3.87E+09
491,0.91,5,76,3.89E+09
492,0.92,5,76,3.92E+09
493,0.93,5,76,3.95E+09
494,0.94,5,76,3.98E+09
495,0.95,5,76,4.00E+09
496,0.96,5,76,4.03E+09
497,0.97,5,76,4.06E+09
498,0.98,5,76,4.08E+09
499,0.99,5,76,4.11E+09
500,1,5,76,4.14E+09
501,0.01,6,93,3.35E+09
502,0.02,6,93,3.36E+09
503,0.03,6,93,3.37E+09
504,0.04,6,93,3.38E+09
505,0.05,6,93,3.39E+09
506,0.06,6,93,3.41E+09
507,0.07,6,93,3.42E+09
508,0.08,6,93,3.43E+09
509,0.09,6,93,3.44E+09
510,0.1,6,92,3.45E+09
511,0.11,6,92,3.46E+09
512,0.12,6,92,3.48E+09
513,0.13,6,92,3.49E+09
514,0.14,6,92,3.50E+09
515,0.15,6,92,3.51E+09
516,0.16,6,92,3.52E+09
517,0.17,6,92,3.53E+09
518,0.18,6,92,3.55E+09
519,0.19,6,92,3.56E+09
520,0.2,6,91,3.57E+09
521,0.21,6,91,3.58E+09
522,0.22,6,91,3.59E+09
523,0.23,6,91,3.60E+09
524,0.24,6,91,3.62E+09
525,0.25,6,91,3.63E+09
526,0.26,6,91,3.65E+09
527,0.27,6,91,3.66E+09
528,0.28,6,91,3.68E+09
529,0.29,6,91,3.69E+09
530,0.3,6,91,3.70E+09
531,0.31,6,90,3.72E+09
532,0.32,6,90,3.73E+09
533,0.33,6,90,3.75E+09
534,0.34,6,90,3.76E+09
535,0.35,6,90,3.77E+09
536,0.36,6,90,3.79E+09
537,0.37,6,90,3.80E+09
538,0.38,6,90,3.81E+09
539,0.39,6,90,3.83E+09
540,0.4,6,90,3.84E+09
541,0.41,6,90,3.85E+09
542,0.42,6,89,3.87E+09
543,0.43,6,89,3.89E+09
544,0.44,6,89,3.91E+09
545,0.45,6,89,3.93E+09
546,0.46,6,89,3.94E+09
547,0.47,6,89,3.95E+09
548,0.48,6,89,3.97E+09
549,0.49,6,89,3.98E+09
550,0.5,6,89,4.00E+09
551,0.51,6,89,4.02E+09
552,0.52,6,89,4.04E+09
553,0.53,6,88,4.05E+09
554,0.54,6,88,4.07E+09
555,0.55,6,88,4.08E+09
556,0.56,6,88,4.10E+09
557,0.57,6,88,4.12E+09
558,0.58,6,88,4.14E+09
559,0.59,6,88,4.15E+09
560,0.6,6,88,4.17E+09
561,0.61,6,88,4.19E+09
562,0.62,6,88,4.21E+09
563,0.63,6,88,4.22E+09
564,0.64,6,87,4.24E+09
565,0.65,6,87,4.25E+09
566,0.66,6,87,4.27E+09
567,0.67,6,87,4.30E+09
568,0.68,6,87,4.31E+09
569,0.69,6,87,4.33E+09
570,0.7,6,87,4.34E+09
571,0.71,6,87,4.36E+09
572,0.72,6,87,4.38E+09
573,0.73,6,87,4.40E+09
574,0.74,6,87,4.41E+09
575,0.75,6,87,4.43E+09
576,0.76,6,86,4.45E+09
577,0.77,6,86,4.47E+09
578,0.78,6,86,4.49E+09
579,0.79,6,86,4.51E+09
580,0.8,6,86,4.53E+09
581,0.81,6,86,4.55E+09
582,0.82,6,86,4.57E+09
583,0.83,6,86,4.59E+09
584,0.84,6,86,4.60E+09
585,0.85,6,86,4.63E+09
587,0.87,6,85,4.66E+09
586,0.86,6,86,4.64E+09
588,0.88,6,85,4.68E+09
589,0.89,6,85,4.71E+09
590,0.9,6,85,4.72E+09
591,0.91,6,85,4.74E+09
592,0.92,6,85,4.76E+09
593,0.93,6,85,4.78E+09
594,0.94,6,85,4.80E+09
595,0.95,6,85,4.82E+09
596,0.96,6,85,4.84E+09
597,0.97,6,85,4.86E+09
598,0.98,6,85,4.88E+09
599,0.99,6,84,4.90E+09
600,1,6,84,4.92E+09
601,0.01,7,101,5.70E+09
602,0.02,7,101,5.71E+09
603,0.03,7,101,5.72E+09
604,0.04,7,101,5.72E+09
605,0.05,7,101,5.73E+09
606,0.06,7,101,5.73E+09
607,0.07,7,101,5.73E+09
608,0.08,7,101,5.73E+09
609,0.09,7,101,5.72E+09
610,0.1,7,101,5.72E+09
611,0.11,7,101,5.74E+09
612,0.12,7,101,5.74E+09
613,0.13,7,101,5.74E+09
614,0.14,7,101,5.75E+09
615,0.15,7,101,5.74E+09
616,0.16,7,101,5.75E+09
617,0.17,7,101,5.75E+09
618,0.18,7,101,5.75E+09
619,0.19,7,101,5.75E+09
620,0.2,7,101,5.75E+09
621,0.21,7,101,5.75E+09
622,0.22,7,101,5.75E+09
623,0.23,7,101,5.76E+09
624,0.24,7,101,5.76E+09
625,0.25,7,101,5.76E+09
626,0.26,7,101,5.77E+09
627,0.27,7,101,5.77E+09
628,0.28,7,101,5.78E+09
629,0.29,7,101,5.78E+09
630,0.3,7,101,5.79E+09
631,0.31,7,101,5.79E+09
632,0.32,7,101,5.79E+09
633,0.33,7,101,5.79E+09
634,0.34,7,101,5.79E+09
635,0.35,7,101,5.79E+09
636,0.36,7,101,5.80E+09
637,0.37,7,101,5.81E+09
638,0.38,7,101,5.81E+09
639,0.39,7,101,5.81E+09
640,0.4,7,101,5.82E+09
641,0.41,7,101,5.83E+09
642,0.42,7,101,5.83E+09
643,0.43,7,101,5.83E+09
644,0.44,7,101,5.84E+09
645,0.45,7,101,5.85E+09
646,0.46,7,101,5.85E+09
647,0.47,7,101,5.86E+09
648,0.48,7,101,5.86E+09
649,0.49,7,101,5.87E+09
650,0.5,7,101,5.86E+09
651,0.51,7,101,5.88E+09
652,0.52,7,101,5.88E+09
653,0.53,7,101,5.89E+09
654,0.54,7,101,5.90E+09
655,0.55,7,101,5.90E+09
656,0.56,7,101,5.91E+09
657,0.57,7,100,5.93E+09
658,0.58,7,100,5.93E+09
659,0.59,7,99,5.93E+09
660,0.6,7,99,5.95E+09
661,0.61,7,99,5.96E+09
662,0.62,7,99,5.96E+09
663,0.63,7,98,5.97E+09
664,0.64,7,98,5.98E+09
665,0.65,7,98,5.99E+09
666,0.66,7,98,6.00E+09
667,0.67,7,98,6.01E+09
668,0.68,7,97,6.01E+09
669,0.69,7,97,6.02E+09
670,0.7,7,97,6.02E+09
671,0.71,7,97,6.04E+09
672,0.72,7,97,6.04E+09
673,0.73,7,97,6.05E+09
674,0.74,7,97,6.07E+09
675,0.75,7,96,6.07E+09
676,0.76,7,96,6.08E+09
677,0.77,7,96,6.09E+09
678,0.78,7,96,6.10E+09
679,0.79,7,96,6.11E+09
680,0.8,7,96,6.12E+09
681,0.81,7,96,6.12E+09
682,0.82,7,95,6.13E+09
683,0.83,7,95,6.14E+09
684,0.84,7,95,6.15E+09
685,0.85,7,95,6.16E+09
686,0.86,7,95,6.17E+09
687,0.87,7,95,6.18E+09
688,0.88,7,95,6.19E+09
689,0.89,7,95,6.20E+09
690,0.9,7,95,6.22E+09
691,0.91,7,94,6.23E+09
692,0.92,7,94,6.24E+09
693,0.93,7,94,6.26E+09
694,0.94,7,94,6.27E+09
695,0.95,7,94,6.28E+09
696,0.96,7,94,6.29E+09
697,0.97,7,94,6.30E+09
698,0.98,7,94,6.31E+09
699,0.99,7,94,6.32E+09
700,1,7,93,6.34E+09
701,0.01,8,101,9.27E+09
702,0.02,8,101,9.26E+09
703,0.03,8,101,9.24E+09
704,0.04,8,101,9.22E+09
705,0.05,8,101,9.21E+09
706,0.06,8,101,9.20E+09
707,0.07,8,101,9.18E+09
708,0.08,8,101,9.15E+09
709,0.09,8,101,9.15E+09
710,0.1,8,101,9.13E+09
711,0.11,8,101,9.10E+09
712,0.12,8,101,9.10E+09
713,0.13,8,101,9.08E+09
714,0.14,8,101,9.08E+09
715,0.15,8,101,9.06E+09
716,0.16,8,101,9.05E+09
717,0.17,8,101,9.03E+09
718,0.18,8,101,9.03E+09
719,0.19,8,101,9.02E+09
720,0.2,8,101,9.00E+09
721,0.21,8,101,9.00E+09
722,0.22,8,101,8.98E+09
723,0.23,8,101,8.97E+09
724,0.24,8,101,8.96E+09
725,0.25,8,101,8.96E+09
726,0.26,8,101,8.95E+09
727,0.27,8,101,8.94E+09
728,0.28,8,101,8.93E+09
729,0.29,8,101,8.92E+09
730,0.3,8,101,8.92E+09
731,0.31,8,101,8.90E+09
732,0.32,8,101,8.90E+09
733,0.33,8,101,8.89E+09
734,0.34,8,101,8.87E+09
735,0.35,8,101,8.86E+09
737,0.37,8,101,8.86E+09
736,0.36,8,101,8.85E+09
738,0.38,8,101,8.84E+09
739,0.39,8,101,8.83E+09
740,0.4,8,101,8.83E+09
741,0.41,8,101,8.82E+09
742,0.42,8,101,8.82E+09
743,0.43,8,101,8.81E+09
744,0.44,8,101,8.81E+09
745,0.45,8,101,8.81E+09
746,0.46,8,101,8.80E+09
747,0.47,8,101,8.80E+09
748,0.48,8,101,8.79E+09
749,0.49,8,101,8.78E+09
750,0.5,8,101,8.78E+09
751,0.51,8,101,8.78E+09
752,0.52,8,101,8.77E+09
753,0.53,8,101,8.76E+09
754,0.54,8,101,8.75E+09
755,0.55,8,101,8.75E+09
756,0.56,8,101,8.75E+09
757,0.57,8,101,8.74E+09
758,0.58,8,101,8.73E+09
759,0.59,8,101,8.73E+09
760,0.6,8,101,8.72E+09
761,0.61,8,101,8.72E+09
762,0.62,8,101,8.71E+09
763,0.63,8,101,8.71E+09
764,0.64,8,101,8.70E+09
765,0.65,8,101,8.70E+09
766,0.66,8,101,8.70E+09
767,0.67,8,101,8.70E+09
768,0.68,8,101,8.68E+09
770,0.7,8,101,8.67E+09
769,0.69,8,101,8.68E+09
771,0.71,8,101,8.66E+09
772,0.72,8,101,8.66E+09
773,0.73,8,101,8.66E+09
774,0.74,8,101,8.66E+09
775,0.75,8,101,8.65E+09
776,0.76,8,101,8.65E+09
777,0.77,8,101,8.65E+09
778,0.78,8,101,8.64E+09
779,0.79,8,101,8.64E+09
780,0.8,8,101,8.63E+09
781,0.81,8,101,8.64E+09
782,0.82,8,101,8.63E+09
783,0.83,8,101,8.63E+09
784,0.84,8,101,8.62E+09
785,0.85,8,101,8.61E+09
786,0.86,8,101,8.61E+09
787,0.87,8,101,8.61E+09
788,0.88,8,101,8.60E+09
789,0.89,8,101,8.60E+09
790,0.9,8,101,8.60E+09
791,0.91,8,101,8.60E+09
792,0.92,8,101,8.61E+09
793,0.93,8,101,8.61E+09
794,0.94,8,101,8.62E+09
795,0.95,8,101,8.61E+09
796,0.96,8,101,8.61E+09
797,0.97,8,101,8.60E+09
798,0.98,8,101,8.60E+09
799,0.99,8,101,8.60E+09
800,1,8,101,8.60E+09
801,0.01,9,101,1.43E+10
802,0.02,9,101,1.43E+10
803,0.03,9,101,1.42E+10
804,0.04,9,101,1.42E+10
805,0.05,9,101,1.42E+10
806,0.06,9,101,1.41E+10
807,0.07,9,101,1.41E+10
808,0.08,9,101,1.41E+10
809,0.09,9,101,1.40E+10
810,0.1,9,101,1.40E+10
811,0.11,9,101,1.39E+10
812,0.12,9,101,1.39E+10
813,0.13,9,101,1.39E+10
814,0.14,9,101,1.39E+10
815,0.15,9,101,1.38E+10
816,0.16,9,101,1.38E+10
817,0.17,9,101,1.38E+10
818,0.18,9,101,1.37E+10
819,0.19,9,101,1.37E+10
820,0.2,9,101,1.37E+10
821,0.21,9,101,1.37E+10
822,0.22,9,101,1.36E+10
823,0.23,9,101,1.36E+10
824,0.24,9,101,1.36E+10
825,0.25,9,101,1.36E+10
826,0.26,9,101,1.36E+10
827,0.27,9,101,1.35E+10
828,0.28,9,101,1.35E+10
829,0.29,9,101,1.35E+10
830,0.3,9,101,1.35E+10
831,0.31,9,101,1.34E+10
832,0.32,9,101,1.34E+10
833,0.33,9,101,1.34E+10
834,0.34,9,101,1.34E+10
835,0.35,9,101,1.33E+10
836,0.36,9,101,1.33E+10
837,0.37,9,101,1.33E+10
838,0.38,9,101,1.32E+10
839,0.39,9,101,1.32E+10
840,0.4,9,101,1.32E+10
841,0.41,9,101,1.32E+10
842,0.42,9,101,1.31E+10
843,0.43,9,101,1.31E+10
844,0.44,9,101,1.31E+10
845,0.45,9,101,1.30E+10
846,0.46,9,101,1.30E+10
847,0.47,9,101,1.30E+10
848,0.48,9,101,1.30E+10
849,0.49,9,101,1.30E+10
850,0.5,9,101,1.29E+10
852,0.52,9,101,1.29E+10
851,0.51,9,101,1.29E+10
853,0.53,9,101,1.29E+10
854,0.54,9,101,1.29E+10
855,0.55,9,101,1.29E+10
856,0.56,9,101,1.28E+10
857,0.57,9,101,1.28E+10
858,0.58,9,101,1.28E+10
859,0.59,9,101,1.28E+10
860,0.6,9,101,1.27E+10
861,0.61,9,101,1.27E+10
862,0.62,9,101,1.27E+10
863,0.63,9,101,1.27E+10
864,0.64,9,101,1.27E+10
865,0.65,9,101,1.26E+10
866,0.66,9,101,1.26E+10
867,0.67,9,101,1.26E+10
868,0.68,9,101,1.26E+10
869,0.69,9,101,1.26E+10
870,0.7,9,101,1.26E+10
871,0.71,9,101,1.25E+10
872,0.72,9,101,1.25E+10
873,0.73,9,101,1.25E+10
874,0.74,9,101,1.25E+10
875,0.75,9,101,1.25E+10
877,0.77,9,101,1.25E+10
876,0.76,9,101,1.25E+10
878,0.78,9,101,1.24E+10
879,0.79,9,101,1.24E+10
880,0.8,9,101,1.24E+10
881,0.81,9,101,1.24E+10
882,0.82,9,101,1.24E+10
883,0.83,9,101,1.23E+10
884,0.84,9,101,1.23E+10
885,0.85,9,101,1.23E+10
886,0.86,9,101,1.23E+10
887,0.87,9,101,1.23E+10
888,0.88,9,101,1.23E+10
889,0.89,9,101,1.23E+10
890,0.9,9,101,1.22E+10
891,0.91,9,101,1.22E+10
892,0.92,9,101,1.22E+10
893,0.93,9,101,1.22E+10
894,0.94,9,101,1.22E+10
895,0.95,9,101,1.22E+10
896,0.96,9,101,1.21E+10
897,0.97,9,101,1.21E+10
898,0.98,9,101,1.21E+10
899,0.99,9,101,1.21E+10
900,1,9,101,1.21E+10
901,0.01,10,101,2.11E+10
902,0.02,10,101,2.10E+10
903,0.03,10,101,2.09E+10
904,0.04,10,101,2.09E+10
905,0.05,10,101,2.08E+10
906,0.06,10,101,2.08E+10
907,0.07,10,101,2.08E+10
908,0.08,10,101,2.07E+10
909,0.09,10,101,2.06E+10
910,0.1,10,101,2.06E+10
911,0.11,10,101,2.05E+10
912,0.12,10,101,2.05E+10
913,0.13,10,101,2.05E+10
915,0.15,10,101,2.04E+10
914,0.14,10,101,2.04E+10
916,0.16,10,101,2.03E+10
917,0.17,10,101,2.03E+10
918,0.18,10,101,2.02E+10
919,0.19,10,101,2.02E+10
920,0.2,10,101,2.01E+10
921,0.21,10,101,2.01E+10
922,0.22,10,101,2.00E+10
923,0.23,10,101,2.00E+10
924,0.24,10,101,1.99E+10
925,0.25,10,101,1.99E+10
926,0.26,10,101,1.98E+10
928,0.28,10,101,1.97E+10
927,0.27,10,101,1.98E+10
929,0.29,10,101,1.97E+10
930,0.3,10,101,1.96E+10
931,0.31,10,101,1.96E+10
932,0.32,10,101,1.95E+10
933,0.33,10,101,1.95E+10
934,0.34,10,101,1.94E+10
935,0.35,10,101,1.94E+10
936,0.36,10,101,1.94E+10
937,0.37,10,101,1.93E+10
938,0.38,10,101,1.93E+10
939,0.39,10,101,1.93E+10
940,0.4,10,101,1.92E+10
941,0.41,10,101,1.92E+10
942,0.42,10,101,1.91E+10
943,0.43,10,101,1.91E+10
944,0.44,10,101,1.90E+10
945,0.45,10,101,1.90E+10
946,0.46,10,101,1.90E+10
947,0.47,10,101,1.89E+10
948,0.48,10,101,1.89E+10
949,0.49,10,101,1.88E+10
950,0.5,10,101,1.88E+10
951,0.51,10,101,1.88E+10
952,0.52,10,101,1.87E+10
953,0.53,10,101,1.87E+10
954,0.54,10,101,1.86E+10
955,0.55,10,101,1.86E+10
956,0.56,10,101,1.86E+10
957,0.57,10,101,1.85E+10
958,0.58,10,101,1.85E+10
959,0.59,10,101,1.84E+10
960,0.6,10,101,1.84E+10
961,0.61,10,101,1.84E+10
962,0.62,10,101,1.83E+10
963,0.63,10,101,1.83E+10
964,0.64,10,101,1.82E+10
965,0.65,10,101,1.82E+10
966,0.66,10,101,1.82E+10
967,0.67,10,101,1.81E+10
968,0.68,10,101,1.81E+10
969,0.69,10,101,1.81E+10
970,0.7,10,101,1.80E+10
971,0.71,10,101,1.80E+10
972,0.72,10,101,1.79E+10
973,0.73,10,101,1.79E+10
974,0.74,10,101,1.79E+10
975,0.75,10,101,1.78E+10
976,0.76,10,101,1.78E+10
977,0.77,10,101,1.77E+10
978,0.78,10,101,1.77E+10
979,0.79,10,101,1.77E+10
980,0.8,10,101,1.76E+10
981,0.81,10,101,1.76E+10
982,0.82,10,101,1.76E+10
983,0.83,10,101,1.76E+10
984,0.84,10,101,1.75E+10
985,0.85,10,101,1.75E+10
986,0.86,10,101,1.75E+10
987,0.87,10,101,1.74E+10
988,0.88,10,101,1.74E+10
989,0.89,10,101,1.74E+10
990,0.9,10,101,1.73E+10
991,0.91,10,101,1.73E+10
992,0.92,10,101,1.73E+10
993,0.93,10,101,1.72E+10
994,0.94,10,101,1.72E+10
995,0.95,10,101,1.72E+10
996,0.96,10,101,1.71E+10
997,0.97,10,101,1.71E+10
998,0.98,10,101,1.71E+10
999,0.99,10,101,1.71E+10
1000,1,10,101,1.70E+10
1001,0.01,11,101,2.99E+10
1002,0.02,11,101,2.99E+10
1003,0.03,11,101,2.98E+10
1004,0.04,11,101,2.97E+10
1005,0.05,11,101,2.97E+10
1006,0.06,11,101,2.96E+10
1007,0.07,11,101,2.95E+10
1008,0.08,11,101,2.95E+10
1009,0.09,11,101,2.94E+10
1010,0.1,11,101,2.93E+10
1011,0.11,11,101,2.93E+10
1012,0.12,11,101,2.92E+10
1013,0.13,11,101,2.91E+10
1014,0.14,11,101,2.91E+10
1015,0.15,11,101,2.90E+10
1016,0.16,11,101,2.89E+10
1017,0.17,11,101,2.88E+10
1018,0.18,11,101,2.87E+10
1019,0.19,11,101,2.87E+10
1020,0.2,11,101,2.86E+10
1021,0.21,11,101,2.85E+10
1022,0.22,11,101,2.85E+10
1023,0.23,11,101,2.84E+10
1024,0.24,11,101,2.83E+10
1025,0.25,11,101,2.82E+10
1026,0.26,11,101,2.81E+10
1027,0.27,11,101,2.81E+10
1028,0.28,11,101,2.80E+10
1029,0.29,11,101,2.80E+10
1030,0.3,11,101,2.79E+10
1031,0.31,11,101,2.78E+10
1032,0.32,11,101,2.78E+10
1033,0.33,11,101,2.77E+10
1034,0.34,11,101,2.76E+10
1035,0.35,11,101,2.75E+10
1036,0.36,11,101,2.75E+10
1037,0.37,11,101,2.74E+10
1038,0.38,11,101,2.73E+10
1039,0.39,11,101,2.73E+10
1040,0.4,11,101,2.72E+10
1041,0.41,11,101,2.71E+10
1042,0.42,11,101,2.71E+10
1043,0.43,11,101,2.70E+10
1044,0.44,11,101,2.69E+10
1045,0.45,11,101,2.69E+10
1046,0.46,11,101,2.68E+10
1047,0.47,11,101,2.67E+10
1048,0.48,11,101,2.67E+10
1049,0.49,11,101,2.67E+10
1051,0.51,11,101,2.66E+10
1050,0.5,11,101,2.66E+10
1052,0.52,11,101,2.65E+10
1053,0.53,11,101,2.64E+10
1054,0.54,11,101,2.63E+10
1055,0.55,11,101,2.63E+10
1056,0.56,11,101,2.62E+10
1057,0.57,11,101,2.62E+10
1058,0.58,11,101,2.61E+10
1059,0.59,11,101,2.60E+10
1060,0.6,11,101,2.60E+10
1061,0.61,11,101,2.59E+10
1062,0.62,11,101,2.59E+10
1063,0.63,11,101,2.58E+10
1064,0.64,11,101,2.57E+10
1065,0.65,11,101,2.57E+10
1066,0.66,11,101,2.56E+10
1067,0.67,11,101,2.56E+10
1068,0.68,11,101,2.55E+10
1069,0.69,11,101,2.54E+10
1070,0.7,11,101,2.54E+10
1071,0.71,11,101,2.53E+10
1072,0.72,11,101,2.53E+10
1073,0.73,11,101,2.52E+10
1074,0.74,11,101,2.51E+10
1075,0.75,11,101,2.51E+10
1076,0.76,11,101,2.50E+10
1077,0.77,11,101,2.49E+10
1078,0.78,11,101,2.49E+10
1079,0.79,11,101,2.48E+10
1080,0.8,11,101,2.47E+10
1081,0.81,11,101,2.47E+10
1082,0.82,11,101,2.46E+10
1083,0.83,11,101,2.46E+10
1084,0.84,11,101,2.46E+10
1085,0.85,11,101,2.45E+10
1086,0.86,11,101,2.45E+10
1087,0.87,11,101,2.44E+10
1088,0.88,11,101,2.44E+10
1089,0.89,11,101,2.43E+10
1090,0.9,11,101,2.43E+10
1091,0.91,11,101,2.42E+10
1092,0.92,11,101,2.42E+10
1094,0.94,11,101,2.40E+10
1093,0.93,11,101,2.41E+10
1095,0.95,11,101,2.40E+10
1096,0.96,11,101,2.39E+10
1097,0.97,11,101,2.39E+10
1098,0.98,11,101,2.39E+10
1099,0.99,11,101,2.38E+10
1100,1,11,101,2.38E+10
1101,0.01,12,101,4.13E+10
1103,0.03,12,101,4.12E+10
1102,0.02,12,101,4.12E+10
1104,0.04,12,101,4.10E+10
1105,0.05,12,101,4.10E+10
1106,0.06,12,101,4.09E+10
1107,0.07,12,101,4.07E+10
1108,0.08,12,101,4.07E+10
1109,0.09,12,101,4.06E+10
1110,0.1,12,101,4.04E+10
1111,0.11,12,101,4.04E+10
1112,0.12,12,101,4.03E+10
1113,0.13,12,101,4.02E+10
1114,0.14,12,101,4.01E+10
1115,0.15,12,101,4.00E+10
1116,0.16,12,101,3.99E+10
1117,0.17,12,101,3.97E+10
1118,0.18,12,101,3.96E+10
1119,0.19,12,101,3.96E+10
1121,0.21,12,101,3.94E+10
1120,0.2,12,101,3.94E+10
1122,0.22,12,101,3.93E+10
1123,0.23,12,101,3.92E+10
1124,0.24,12,101,3.91E+10
1125,0.25,12,101,3.90E+10
1126,0.26,12,101,3.89E+10
1127,0.27,12,101,3.88E+10
1128,0.28,12,101,3.87E+10
1129,0.29,12,101,3.86E+10
1130,0.3,12,101,3.85E+10
1131,0.31,12,101,3.84E+10
1132,0.32,12,101,3.83E+10
1133,0.33,12,101,3.82E+10
1134,0.34,12,101,3.81E+10
1135,0.35,12,101,3.81E+10
1136,0.36,12,101,3.80E+10
1137,0.37,12,101,3.79E+10
1138,0.38,12,101,3.78E+10
1139,0.39,12,101,3.77E+10
1140,0.4,12,101,3.76E+10
1141,0.41,12,101,3.75E+10
1142,0.42,12,101,3.74E+10
1143,0.43,12,101,3.73E+10
1144,0.44,12,101,3.72E+10
1145,0.45,12,101,3.72E+10
1146,0.46,12,101,3.71E+10
1147,0.47,12,101,3.69E+10
1148,0.48,12,101,3.69E+10
1149,0.49,12,101,3.68E+10
1150,0.5,12,101,3.67E+10
1151,0.51,12,101,3.66E+10
1152,0.52,12,101,3.65E+10
1153,0.53,12,101,3.64E+10
1154,0.54,12,101,3.63E+10
1155,0.55,12,101,3.62E+10
1156,0.56,12,101,3.62E+10
1157,0.57,12,101,3.61E+10
1158,0.58,12,101,3.60E+10
1159,0.59,12,101,3.59E+10
1160,0.6,12,101,3.58E+10
1161,0.61,12,101,3.57E+10
1162,0.62,12,101,3.56E+10
1163,0.63,12,101,3.55E+10
1164,0.64,12,101,3.55E+10
1165,0.65,12,101,3.54E+10
1166,0.66,12,101,3.53E+10
1167,0.67,12,101,3.52E+10
1168,0.68,12,101,3.51E+10
1169,0.69,12,101,3.50E+10
1170,0.7,12,101,3.49E+10
1171,0.71,12,101,3.49E+10
1172,0.72,12,101,3.48E+10
1173,0.73,12,101,3.47E+10
1174,0.74,12,101,3.46E+10
1175,0.75,12,101,3.46E+10
1176,0.76,12,101,3.45E+10
1178,0.78,12,101,3.43E+10
1177,0.77,12,101,3.44E+10
1179,0.79,12,101,3.43E+10
1180,0.8,12,101,3.42E+10
1181,0.81,12,101,3.41E+10
1182,0.82,12,101,3.40E+10
1183,0.83,12,101,3.40E+10
1184,0.84,12,101,3.39E+10
1185,0.85,12,101,3.38E+10
1186,0.86,12,101,3.37E+10
1187,0.87,12,101,3.36E+10
1188,0.88,12,101,3.35E+10
1189,0.89,12,101,3.34E+10
1190,0.9,12,101,3.33E+10
1191,0.91,12,101,3.32E+10
1192,0.92,12,101,3.31E+10
1193,0.93,12,101,3.31E+10
1194,0.94,12,101,3.30E+10
1195,0.95,12,101,3.29E+10
1196,0.96,12,101,3.29E+10
1197,0.97,12,101,3.28E+10
1198,0.98,12,101,3.27E+10
1199,0.99,12,101,3.26E+10
1200,1,12,101,3.26E+10
1201,0.01,13,101,5.56E+10
1202,0.02,13,101,5.54E+10
1203,0.03,13,101,5.53E+10
1204,0.04,13,101,5.52E+10
1205,0.05,13,101,5.50E+10
1206,0.06,13,101,5.49E+10
1207,0.07,13,101,5.47E+10
1208,0.08,13,101,5.46E+10
1209,0.09,13,101,5.45E+10
1210,0.1,13,101,5.44E+10
1211,0.11,13,101,5.43E+10
1212,0.12,13,101,5.41E+10
1213,0.13,13,101,5.40E+10
1214,0.14,13,101,5.39E+10
1215,0.15,13,101,5.38E+10
1216,0.16,13,101,5.37E+10
1217,0.17,13,101,5.36E+10
1218,0.18,13,101,5.35E+10
1219,0.19,13,101,5.33E+10
1220,0.2,13,101,5.32E+10
1221,0.21,13,101,5.31E+10
1222,0.22,13,101,5.29E+10
1223,0.23,13,101,5.28E+10
1224,0.24,13,101,5.26E+10
1225,0.25,13,101,5.25E+10
1226,0.26,13,101,5.23E+10
1227,0.27,13,101,5.22E+10
1228,0.28,13,101,5.20E+10
1229,0.29,13,101,5.19E+10
1230,0.3,13,101,5.19E+10
1231,0.31,13,101,5.17E+10
1232,0.32,13,101,5.16E+10
1233,0.33,13,101,5.14E+10
1234,0.34,13,101,5.13E+10
1235,0.35,13,101,5.13E+10
1236,0.36,13,101,5.11E+10
1237,0.37,13,101,5.10E+10
1238,0.38,13,101,5.09E+10
1239,0.39,13,101,5.08E+10
1240,0.4,13,101,5.07E+10
1241,0.41,13,101,5.06E+10
1242,0.42,13,101,5.05E+10
1243,0.43,13,101,5.03E+10
1244,0.44,13,101,5.03E+10
1245,0.45,13,101,5.01E+10
1246,0.46,13,101,5.00E+10
1247,0.47,13,101,4.99E+10
1248,0.48,13,101,4.98E+10
1249,0.49,13,101,4.96E+10
1250,0.5,13,101,4.95E+10
1251,0.51,13,101,4.94E+10
1252,0.52,13,101,4.93E+10
1253,0.53,13,101,4.92E+10
1254,0.54,13,101,4.91E+10
1255,0.55,13,101,4.89E+10
1256,0.56,13,101,4.88E+10
1257,0.57,13,101,4.87E+10
1258,0.58,13,101,4.86E+10
1259,0.59,13,101,4.84E+10
1260,0.6,13,101,4.83E+10
1261,0.61,13,101,4.82E+10
1262,0.62,13,101,4.80E+10
1263,0.63,13,101,4.79E+10
1264,0.64,13,101,4.78E+10
1265,0.65,13,101,4.77E+10
1266,0.66,13,101,4.76E+10
1267,0.67,13,101,4.75E+10
1268,0.68,13,101,4.74E+10
1269,0.69,13,101,4.73E+10
1270,0.7,13,101,4.72E+10
1271,0.71,13,101,4.70E+10
1272,0.72,13,101,4.69E+10
1273,0.73,13,101,4.68E+10
1274,0.74,13,101,4.67E+10
1275,0.75,13,101,4.66E+10
1276,0.76,13,101,4.65E+10
1277,0.77,13,101,4.63E+10
1278,0.78,13,101,4.63E+10
1279,0.79,13,101,4.61E+10
1280,0.8,13,101,4.60E+10
1281,0.81,13,101,4.59E+10
1282,0.82,13,101,4.58E+10
1284,0.84,13,101,4.56E+10
1283,0.83,13,101,4.57E+10
1285,0.85,13,101,4.55E+10
1286,0.86,13,101,4.54E+10
1287,0.87,13,101,4.53E+10
1288,0.88,13,101,4.52E+10
1289,0.89,13,101,4.51E+10
1290,0.9,13,101,4.50E+10
1291,0.91,13,101,4.49E+10
1292,0.92,13,101,4.48E+10
1293,0.93,13,101,4.47E+10
1294,0.94,13,101,4.46E+10
1295,0.95,13,101,4.45E+10
1296,0.96,13,101,4.44E+10
1297,0.97,13,101,4.43E+10
1298,0.98,13,101,4.42E+10
1299,0.99,13,101,4.41E+10
1300,1,13,101,4.39E+10
1301,0.01,14,101,7.32E+10
1302,0.02,14,101,7.30E+10
1303,0.03,14,101,7.29E+10
1304,0.04,14,101,7.27E+10
1305,0.05,14,101,7.25E+10
1306,0.06,14,101,7.23E+10
1307,0.07,14,101,7.22E+10
1308,0.08,14,101,7.19E+10
1309,0.09,14,101,7.18E+10
1310,0.1,14,101,7.16E+10
1311,0.11,14,101,7.14E+10
1312,0.12,14,101,7.12E+10
1313,0.13,14,101,7.10E+10
1314,0.14,14,101,7.09E+10
1315,0.15,14,101,7.07E+10
1316,0.16,14,101,7.06E+10
1317,0.17,14,101,7.04E+10
1318,0.18,14,101,7.03E+10
1319,0.19,14,101,7.01E+10
1320,0.2,14,101,6.99E+10
1321,0.21,14,101,6.98E+10
1322,0.22,14,101,6.96E+10
1323,0.23,14,101,6.95E+10
1324,0.24,14,101,6.93E+10
1325,0.25,14,101,6.91E+10
1326,0.26,14,101,6.90E+10
1327,0.27,14,101,6.88E+10
1328,0.28,14,101,6.86E+10
1329,0.29,14,101,6.85E+10
1330,0.3,14,101,6.83E+10
1331,0.31,14,101,6.81E+10
1332,0.32,14,101,6.79E+10
1333,0.33,14,101,6.77E+10
1334,0.34,14,101,6.75E+10
1335,0.35,14,101,6.74E+10
1336,0.36,14,101,6.73E+10
1337,0.37,14,101,6.72E+10
1338,0.38,14,101,6.70E+10
1339,0.39,14,101,6.68E+10
1340,0.4,14,101,6.67E+10
1341,0.41,14,101,6.66E+10
1342,0.42,14,101,6.65E+10
1343,0.43,14,101,6.63E+10
1344,0.44,14,101,6.62E+10
1345,0.45,14,101,6.60E+10
1346,0.46,14,101,6.59E+10
1347,0.47,14,101,6.58E+10
1348,0.48,14,101,6.56E+10
1349,0.49,14,101,6.55E+10
1350,0.5,14,101,6.53E+10
1351,0.51,14,101,6.51E+10
1352,0.52,14,101,6.49E+10
1353,0.53,14,101,6.48E+10
1354,0.54,14,101,6.46E+10
1355,0.55,14,101,6.45E+10
1356,0.56,14,101,6.44E+10
1357,0.57,14,101,6.42E+10
1358,0.58,14,101,6.41E+10
1359,0.59,14,101,6.40E+10
1360,0.6,14,101,6.39E+10
1361,0.61,14,101,6.37E+10
1362,0.62,14,101,6.36E+10
1363,0.63,14,101,6.34E+10
1364,0.64,14,101,6.32E+10
1365,0.65,14,101,6.31E+10
1366,0.66,14,101,6.30E+10
1367,0.67,14,101,6.28E+10
1368,0.68,14,101,6.27E+10
1369,0.69,14,101,6.26E+10
1370,0.7,14,101,6.24E+10
1371,0.71,14,101,6.23E+10
1373,0.73,14,101,6.20E+10
1372,0.72,14,101,6.22E+10
1374,0.74,14,101,6.19E+10
1375,0.75,14,101,6.18E+10
1376,0.76,14,101,6.16E+10
1377,0.77,14,101,6.15E+10
1378,0.78,14,101,6.13E+10
1379,0.79,14,101,6.11E+10
1380,0.8,14,101,6.09E+10
1381,0.81,14,101,6.08E+10
1382,0.82,14,101,6.06E+10
1383,0.83,14,101,6.05E+10
1384,0.84,14,101,6.04E+10
1385,0.85,14,101,6.03E+10
1386,0.86,14,101,6.01E+10
1387,0.87,14,101,6.00E+10
1388,0.88,14,101,5.99E+10
1389,0.89,14,101,5.97E+10
1391,0.91,14,101,5.94E+10
1390,0.9,14,101,5.96E+10
1392,0.92,14,101,5.93E+10
1393,0.93,14,101,5.91E+10
1394,0.94,14,101,5.90E+10
1395,0.95,14,101,5.88E+10
1396,0.96,14,101,5.87E+10
1397,0.97,14,101,5.86E+10
1398,0.98,14,101,5.84E+10
1399,0.99,14,101,5.83E+10
1400,1,14,101,5.81E+10
1401,0.01,15,101,9.41E+10
1402,0.02,15,101,9.40E+10
1403,0.03,15,101,9.37E+10
1404,0.04,15,101,9.35E+10
1405,0.05,15,101,9.34E+10
1406,0.06,15,101,9.31E+10
1407,0.07,15,101,9.29E+10
1408,0.08,15,101,9.28E+10
1409,0.09,15,101,9.26E+10
1410,0.1,15,101,9.23E+10
1411,0.11,15,101,9.21E+10
1412,0.12,15,101,9.19E+10
1413,0.13,15,101,9.17E+10
1414,0.14,15,101,9.15E+10
1415,0.15,15,101,9.14E+10
1416,0.16,15,101,9.12E+10
1417,0.17,15,101,9.10E+10
1418,0.18,15,101,9.08E+10
1419,0.19,15,101,9.07E+10
1420,0.2,15,101,9.05E+10
1421,0.21,15,101,9.02E+10
1422,0.22,15,101,9.00E+10
1423,0.23,15,101,8.97E+10
1424,0.24,15,101,8.96E+10
1425,0.25,15,101,8.94E+10
1426,0.26,15,101,8.92E+10
1427,0.27,15,101,8.89E+10
1428,0.28,15,101,8.87E+10
1429,0.29,15,101,8.85E+10
1430,0.3,15,101,8.83E+10
1431,0.31,15,101,8.81E+10
1432,0.32,15,101,8.79E+10
1433,0.33,15,101,8.76E+10
1434,0.34,15,101,8.74E+10
1435,0.35,15,101,8.72E+10
1436,0.36,15,101,8.70E+10
1437,0.37,15,101,8.68E+10
1438,0.38,15,101,8.66E+10
1439,0.39,15,101,8.65E+10
1440,0.4,15,101,8.63E+10
1441,0.41,15,101,8.62E+10
1442,0.42,15,101,8.59E+10
1443,0.43,15,101,8.58E+10
1444,0.44,15,101,8.57E+10
1445,0.45,15,101,8.54E+10
1446,0.46,15,101,8.52E+10
1447,0.47,15,101,8.51E+10
1448,0.48,15,101,8.49E+10
1449,0.49,15,101,8.47E+10
1450,0.5,15,101,8.45E+10
1451,0.51,15,101,8.43E+10
1452,0.52,15,101,8.42E+10
1453,0.53,15,101,8.40E+10
1454,0.54,15,101,8.39E+10
1456,0.56,15,101,8.35E+10
1455,0.55,15,101,8.37E+10
1457,0.57,15,101,8.33E+10
1458,0.58,15,101,8.31E+10
1459,0.59,15,101,8.29E+10
1460,0.6,15,101,8.28E+10
1461,0.61,15,101,8.26E+10
1462,0.62,15,101,8.23E+10
1463,0.63,15,101,8.21E+10
1464,0.64,15,101,8.20E+10
1465,0.65,15,101,8.18E+10
1466,0.66,15,101,8.16E+10
1467,0.67,15,101,8.14E+10
1468,0.68,15,101,8.12E+10
1469,0.69,15,101,8.10E+10
1470,0.7,15,101,8.08E+10
1471,0.71,15,101,8.07E+10
1472,0.72,15,101,8.05E+10
1473,0.73,15,101,8.04E+10
1474,0.74,15,101,8.02E+10
1475,0.75,15,101,8.01E+10
1476,0.76,15,101,7.98E+10
1477,0.77,15,101,7.97E+10
1478,0.78,15,101,7.94E+10
1479,0.79,15,101,7.93E+10
1480,0.8,15,101,7.91E+10
1481,0.81,15,101,7.90E+10
1482,0.82,15,101,7.88E+10
1483,0.83,15,101,7.85E+10
1484,0.84,15,101,7.83E+10
1485,0.85,15,101,7.82E+10
1486,0.86,15,101,7.80E+10
1487,0.87,15,101,7.78E+10
1488,0.88,15,101,7.77E+10
1489,0.89,15,101,7.74E+10
1490,0.9,15,101,7.73E+10
1491,0.91,15,101,7.72E+10
1492,0.92,15,101,7.70E+10
1493,0.93,15,101,7.69E+10
1494,0.94,15,101,7.67E+10
1495,0.95,15,101,7.65E+10
1496,0.96,15,101,7.64E+10
1497,0.97,15,101,7.62E+10
1498,0.98,15,101,7.61E+10
1499,0.99,15,101,7.59E+10
1500,1,15,101,7.57E+10
1501,0.01,16,101,1.19E+11
1502,0.02,16,101,1.19E+11
1503,0.03,16,101,1.18E+11
1504,0.04,16,101,1.18E+11
1505,0.05,16,101,1.18E+11
1506,0.06,16,101,1.18E+11
1507,0.07,16,101,1.18E+11
1508,0.08,16,101,1.17E+11
1509,0.09,16,101,1.17E+11
1510,0.1,16,101,1.17E+11
1511,0.11,16,101,1.17E+11
1512,0.12,16,101,1.16E+11
1513,0.13,16,101,1.16E+11
1514,0.14,16,101,1.16E+11
1515,0.15,16,101,1.16E+11
1516,0.16,16,101,1.16E+11
1517,0.17,16,101,1.15E+11
1518,0.18,16,101,1.15E+11
1519,0.19,16,101,1.15E+11
1520,0.2,16,101,1.15E+11
1522,0.22,16,101,1.14E+11
1521,0.21,16,101,1.15E+11
1523,0.23,16,101,1.14E+11
1524,0.24,16,101,1.14E+11
1526,0.26,16,101,1.13E+11
1525,0.25,16,101,1.14E+11
1527,0.27,16,101,1.13E+11
1528,0.28,16,101,1.13E+11
1530,0.3,16,101,1.12E+11
1529,0.29,16,101,1.12E+11
1531,0.31,16,101,1.12E+11
1532,0.32,16,101,1.12E+11
1533,0.33,16,101,1.12E+11
1534,0.34,16,101,1.11E+11
1535,0.35,16,101,1.11E+11
1536,0.36,16,101,1.11E+11
1537,0.37,16,101,1.11E+11
1538,0.38,16,101,1.10E+11
1539,0.39,16,101,1.10E+11
1540,0.4,16,101,1.10E+11
1541,0.41,16,101,1.10E+11
1542,0.42,16,101,1.09E+11
1543,0.43,16,101,1.09E+11
1544,0.44,16,101,1.09E+11
1545,0.45,16,101,1.09E+11
1546,0.46,16,101,1.09E+11
1547,0.47,16,101,1.08E+11
1548,0.48,16,101,1.08E+11
1549,0.49,16,101,1.08E+11
1550,0.5,16,101,1.08E+11
1551,0.51,16,101,1.07E+11
1552,0.52,16,101,1.07E+11
1553,0.53,16,101,1.07E+11
1554,0.54,16,101,1.07E+11
1555,0.55,16,101,1.07E+11
1556,0.56,16,101,1.06E+11
1557,0.57,16,101,1.06E+11
1558,0.58,16,101,1.06E+11
1559,0.59,16,101,1.06E+11
1560,0.6,16,101,1.05E+11
1561,0.61,16,101,1.05E+11
1562,0.62,16,101,1.05E+11
1563,0.63,16,101,1.05E+11
1564,0.64,16,101,1.05E+11
1565,0.65,16,101,1.04E+11
1566,0.66,16,101,1.04E+11
1567,0.67,16,101,1.04E+11
1568,0.68,16,101,1.04E+11
1569,0.69,16,101,1.03E+11
1570,0.7,16,101,1.03E+11
1571,0.71,16,101,1.03E+11
1572,0.72,16,101,1.03E+11
1573,0.73,16,101,1.03E+11
1574,0.74,16,101,1.02E+11
1575,0.75,16,101,1.02E+11
1576,0.76,16,101,1.02E+11
1577,0.77,16,101,1.02E+11
1578,0.78,16,101,1.01E+11
1579,0.79,16,101,1.01E+11
1580,0.8,16,101,1.01E+11
1581,0.81,16,101,1.01E+11
1582,0.82,16,101,1.00E+11
1583,0.83,16,101,1.00E+11
1584,0.84,16,101,1.00E+11
1585,0.85,16,101,9.98E+10
1586,0.86,16,101,9.96E+10
1587,0.87,16,101,9.94E+10
1588,0.88,16,101,9.92E+10
1589,0.89,16,101,9.89E+10
1590,0.9,16,101,9.87E+10
1591,0.91,16,101,9.85E+10
1592,0.92,16,101,9.82E+10
1593,0.93,16,101,9.80E+10
1594,0.94,16,101,9.78E+10
1595,0.95,16,101,9.76E+10
1596,0.96,16,101,9.74E+10
1597,0.97,16,101,9.72E+10
1598,0.98,16,101,9.70E+10
1599,0.99,16,101,9.68E+10
1600,1,16,101,9.67E+10
1601,0.01,17,101,1.49E+11
1602,0.02,17,101,1.48E+11
1603,0.03,17,101,1.48E+11
1604,0.04,17,101,1.48E+11
1605,0.05,17,101,1.47E+11
1606,0.06,17,101,1.47E+11
1607,0.07,17,101,1.47E+11
1608,0.08,17,101,1.46E+11
1609,0.09,17,101,1.46E+11
1610,0.1,17,101,1.46E+11
1611,0.11,17,101,1.46E+11
1612,0.12,17,101,1.45E+11
1613,0.13,17,101,1.45E+11
1614,0.14,17,101,1.45E+11
1615,0.15,17,101,1.45E+11
1616,0.16,17,101,1.44E+11
1617,0.17,17,101,1.44E+11
1618,0.18,17,101,1.44E+11
1619,0.19,17,101,1.44E+11
1620,0.2,17,101,1.43E+11
1621,0.21,17,101,1.43E+11
1622,0.22,17,101,1.43E+11
1623,0.23,17,101,1.42E+11
1624,0.24,17,101,1.42E+11
1625,0.25,17,101,1.42E+11
1626,0.26,17,101,1.42E+11
1627,0.27,17,101,1.41E+11
1628,0.28,17,101,1.41E+11
1629,0.29,17,101,1.41E+11
1630,0.3,17,101,1.40E+11
1631,0.31,17,101,1.40E+11
1633,0.33,17,101,1.40E+11
1632,0.32,17,101,1.40E+11
1634,0.34,17,101,1.39E+11
1635,0.35,17,101,1.39E+11
1636,0.36,17,101,1.39E+11
1637,0.37,17,101,1.39E+11
1638,0.38,17,101,1.38E+11
1639,0.39,17,101,1.38E+11
1640,0.4,17,101,1.38E+11
1641,0.41,17,101,1.37E+11
1642,0.42,17,101,1.37E+11
1643,0.43,17,101,1.37E+11
1644,0.44,17,101,1.36E+11
1645,0.45,17,101,1.36E+11
1646,0.46,17,101,1.36E+11
1647,0.47,17,101,1.36E+11
1648,0.48,17,101,1.35E+11
1649,0.49,17,101,1.35E+11
1650,0.5,17,101,1.35E+11
1651,0.51,17,101,1.35E+11
1652,0.52,17,101,1.34E+11
1653,0.53,17,101,1.34E+11
1654,0.54,17,101,1.34E+11
1655,0.55,17,101,1.34E+11
1656,0.56,17,101,1.33E+11
1657,0.57,17,101,1.33E+11
1658,0.58,17,101,1.33E+11
1659,0.59,17,101,1.32E+11
1660,0.6,17,101,1.32E+11
1661,0.61,17,101,1.32E+11
1663,0.63,17,101,1.31E+11
1662,0.62,17,101,1.32E+11
1664,0.64,17,101,1.31E+11
1665,0.65,17,101,1.31E+11
1666,0.66,17,101,1.31E+11
1667,0.67,17,101,1.31E+11
1668,0.68,17,101,1.30E+11
1669,0.69,17,101,1.30E+11
1670,0.7,17,101,1.30E+11
1671,0.71,17,101,1.29E+11
1672,0.72,17,101,1.29E+11
1673,0.73,17,101,1.29E+11
1674,0.74,17,101,1.28E+11
1675,0.75,17,101,1.28E+11
1676,0.76,17,101,1.28E+11
1677,0.77,17,101,1.28E+11
1678,0.78,17,101,1.27E+11
1679,0.79,17,101,1.27E+11
1680,0.8,17,101,1.27E+11
1681,0.81,17,101,1.27E+11
1682,0.82,17,101,1.26E+11
1683,0.83,17,101,1.26E+11
1684,0.84,17,101,1.26E+11
1685,0.85,17,101,1.26E+11
1686,0.86,17,101,1.25E+11
1687,0.87,17,101,1.25E+11
1688,0.88,17,101,1.25E+11
1689,0.89,17,101,1.24E+11
1690,0.9,17,101,1.24E+11
1691,0.91,17,101,1.24E+11
1692,0.92,17,101,1.24E+11
1693,0.93,17,101,1.23E+11
1694,0.94,17,101,1.23E+11
1695,0.95,17,101,1.23E+11
1696,0.96,17,101,1.23E+11
1697,0.97,17,101,1.22E+11
1698,0.98,17,101,1.22E+11
1699,0.99,17,101,1.22E+11
1700,1,17,101,1.22E+11
1701,0.01,18,101,1.83E+11
1702,0.02,18,101,1.82E+11
1703,0.03,18,101,1.82E+11
1704,0.04,18,101,1.82E+11
1705,0.05,18,101,1.82E+11
1706,0.06,18,101,1.81E+11
1707,0.07,18,101,1.81E+11
1708,0.08,18,101,1.81E+11
1709,0.09,18,101,1.80E+11
1710,0.1,18,101,1.80E+11
1711,0.11,18,101,1.79E+11
1712,0.12,18,101,1.79E+11
1713,0.13,18,101,1.79E+11
1714,0.14,18,101,1.79E+11
1715,0.15,18,101,1.78E+11
1716,0.16,18,101,1.78E+11
1717,0.17,18,101,1.78E+11
1718,0.18,18,101,1.77E+11
1719,0.19,18,101,1.77E+11
1720,0.2,18,101,1.77E+11
1721,0.21,18,101,1.76E+11
1722,0.22,18,101,1.76E+11
1723,0.23,18,101,1.76E+11
1724,0.24,18,101,1.75E+11
1725,0.25,18,101,1.75E+11
1726,0.26,18,101,1.74E+11
1727,0.27,18,101,1.74E+11
1728,0.28,18,101,1.74E+11
1729,0.29,18,101,1.73E+11
1730,0.3,18,101,1.73E+11
1731,0.31,18,101,1.73E+11
1732,0.32,18,101,1.73E+11
1733,0.33,18,101,1.72E+11
1734,0.34,18,101,1.72E+11
1735,0.35,18,101,1.71E+11
1736,0.36,18,101,1.71E+11
1737,0.37,18,101,1.71E+11
1738,0.38,18,101,1.71E+11
1739,0.39,18,101,1.70E+11
1740,0.4,18,101,1.70E+11
1741,0.41,18,101,1.70E+11
1742,0.42,18,101,1.69E+11
1743,0.43,18,101,1.69E+11
1744,0.44,18,101,1.69E+11
1745,0.45,18,101,1.68E+11
1746,0.46,18,101,1.68E+11
1747,0.47,18,101,1.67E+11
1748,0.48,18,101,1.67E+11
1749,0.49,18,101,1.67E+11
1750,0.5,18,101,1.66E+11
1751,0.51,18,101,1.66E+11
1752,0.52,18,101,1.66E+11
1753,0.53,18,101,1.65E+11
1754,0.54,18,101,1.65E+11
1755,0.55,18,101,1.65E+11
1756,0.56,18,101,1.65E+11
1757,0.57,18,101,1.64E+11
1758,0.58,18,101,1.64E+11
1759,0.59,18,101,1.64E+11
1760,0.6,18,101,1.63E+11
1761,0.61,18,101,1.63E+11
1762,0.62,18,101,1.63E+11
1763,0.63,18,101,1.63E+11
1764,0.64,18,101,1.62E+11
1765,0.65,18,101,1.62E+11
1766,0.66,18,101,1.62E+11
1767,0.67,18,101,1.61E+11
1768,0.68,18,101,1.61E+11
1770,0.7,18,101,1.60E+11
1769,0.69,18,101,1.61E+11
1771,0.71,18,101,1.60E+11
1772,0.72,18,101,1.60E+11
1773,0.73,18,101,1.59E+11
1774,0.74,18,101,1.59E+11
1775,0.75,18,101,1.59E+11
1776,0.76,18,101,1.58E+11
1777,0.77,18,101,1.58E+11
1778,0.78,18,101,1.58E+11
1779,0.79,18,101,1.57E+11
1780,0.8,18,101,1.57E+11
1781,0.81,18,101,1.57E+11
1782,0.82,18,101,1.57E+11
1783,0.83,18,101,1.56E+11
1784,0.84,18,101,1.56E+11
1785,0.85,18,101,1.56E+11
1786,0.86,18,101,1.55E+11
1787,0.87,18,101,1.55E+11
1788,0.88,18,101,1.55E+11
1789,0.89,18,101,1.54E+11
1790,0.9,18,101,1.54E+11
1791,0.91,18,101,1.54E+11
1792,0.92,18,101,1.53E+11
1793,0.93,18,101,1.53E+11
1794,0.94,18,101,1.53E+11
1796,0.96,18,101,1.52E+11
1795,0.95,18,101,1.53E+11
1797,0.97,18,101,1.52E+11
1798,0.98,18,101,1.52E+11
1799,0.99,18,101,1.51E+11
1800,1,18,101,1.51E+11
1801,0.01,19,101,2.22E+11
1802,0.02,19,101,2.22E+11
1803,0.03,19,101,2.22E+11
1804,0.04,19,101,2.21E+11
1805,0.05,19,101,2.21E+11
1806,0.06,19,101,2.21E+11
1807,0.07,19,101,2.20E+11
1808,0.08,19,101,2.20E+11
1809,0.09,19,101,2.19E+11
1810,0.1,19,101,2.19E+11
1811,0.11,19,101,2.19E+11
1812,0.12,19,101,2.18E+11
1813,0.13,19,101,2.18E+11
1814,0.14,19,101,2.17E+11
1815,0.15,19,101,2.17E+11
1816,0.16,19,101,2.17E+11
1817,0.17,19,101,2.16E+11
1818,0.18,19,101,2.16E+11
1819,0.19,19,101,2.15E+11
1820,0.2,19,101,2.15E+11
1821,0.21,19,101,2.14E+11
1822,0.22,19,101,2.14E+11
1823,0.23,19,101,2.14E+11
1824,0.24,19,101,2.13E+11
1825,0.25,19,101,2.13E+11
1826,0.26,19,101,2.12E+11
1827,0.27,19,101,2.12E+11
1828,0.28,19,101,2.12E+11
1829,0.29,19,101,2.11E+11
1830,0.3,19,101,2.11E+11
1831,0.31,19,101,2.11E+11
1832,0.32,19,101,2.10E+11
1833,0.33,19,101,2.10E+11
1834,0.34,19,101,2.09E+11
1835,0.35,19,101,2.09E+11
1836,0.36,19,101,2.08E+11
1837,0.37,19,101,2.08E+11
1838,0.38,19,101,2.08E+11
1839,0.39,19,101,2.07E+11
1840,0.4,19,101,2.07E+11
1841,0.41,19,101,2.06E+11
1842,0.42,19,101,2.06E+11
1843,0.43,19,101,2.06E+11
1844,0.44,19,101,2.05E+11
1845,0.45,19,101,2.05E+11
1846,0.46,19,101,2.05E+11
1847,0.47,19,101,2.04E+11
1848,0.48,19,101,2.04E+11
1849,0.49,19,101,2.04E+11
1850,0.5,19,101,2.03E+11
1851,0.51,19,101,2.03E+11
1852,0.52,19,101,2.03E+11
1853,0.53,19,101,2.02E+11
1855,0.55,19,101,2.02E+11
1854,0.54,19,101,2.02E+11
1856,0.56,19,101,2.01E+11
1857,0.57,19,101,2.01E+11
1858,0.58,19,101,2.01E+11
1859,0.59,19,101,2.00E+11
1860,0.6,19,101,2.00E+11
1861,0.61,19,101,1.99E+11
1862,0.62,19,101,1.99E+11
1863,0.63,19,101,1.99E+11
1864,0.64,19,101,1.98E+11
1865,0.65,19,101,1.98E+11
1866,0.66,19,101,1.98E+11
1867,0.67,19,101,1.97E+11
1868,0.68,19,101,1.97E+11
1869,0.69,19,101,1.96E+11
1870,0.7,19,101,1.96E+11
1871,0.71,19,101,1.96E+11
1872,0.72,19,101,1.95E+11
1873,0.73,19,101,1.95E+11
1874,0.74,19,101,1.94E+11
1875,0.75,19,101,1.94E+11
1876,0.76,19,101,1.94E+11
1877,0.77,19,101,1.93E+11
1878,0.78,19,101,1.93E+11
1879,0.79,19,101,1.93E+11
1880,0.8,19,101,1.92E+11
1881,0.81,19,101,1.92E+11
1882,0.82,19,101,1.92E+11
1883,0.83,19,101,1.91E+11
1884,0.84,19,101,1.91E+11
1885,0.85,19,101,1.91E+11
1886,0.86,19,101,1.90E+11
1887,0.87,19,101,1.90E+11
1888,0.88,19,101,1.90E+11
1889,0.89,19,101,1.89E+11
1890,0.9,19,101,1.89E+11
1891,0.91,19,101,1.89E+11
1892,0.92,19,101,1.88E+11
1893,0.93,19,101,1.88E+11
1894,0.94,19,101,1.88E+11
1895,0.95,19,101,1.87E+11
1896,0.96,19,101,1.87E+11
1897,0.97,19,101,1.87E+11
1898,0.98,19,101,1.86E+11
1899,0.99,19,101,1.86E+11
1900,1,19,101,1.85E+11
1901,0.01,20,101,2.68E+11
1902,0.02,20,101,2.67E+11
1903,0.03,20,101,2.67E+11
1904,0.04,20,101,2.67E+11
1905,0.05,20,101,2.66E+11
1906,0.06,20,101,2.65E+11
1907,0.07,20,101,2.65E+11
1908,0.08,20,101,2.64E+11
1909,0.09,20,101,2.64E+11
1910,0.1,20,101,2.63E+11
1911,0.11,20,101,2.63E+11
1912,0.12,20,101,2.62E+11
1913,0.13,20,101,2.62E+11
1914,0.14,20,101,2.62E+11
1915,0.15,20,101,2.61E+11
1916,0.16,20,101,2.61E+11
1917,0.17,20,101,2.60E+11
1918,0.18,20,101,2.60E+11
1919,0.19,20,101,2.59E+11
1921,0.21,20,101,2.58E+11
1920,0.2,20,101,2.59E+11
1922,0.22,20,101,2.58E+11
1923,0.23,20,101,2.57E+11
1924,0.24,20,101,2.57E+11
1925,0.25,20,101,2.56E+11
1926,0.26,20,101,2.56E+11
1927,0.27,20,101,2.55E+11
1928,0.28,20,101,2.55E+11
1929,0.29,20,101,2.54E+11
1930,0.3,20,101,2.54E+11
1931,0.31,20,101,2.54E+11
1932,0.32,20,101,2.53E+11
1933,0.33,20,101,2.53E+11
1934,0.34,20,101,2.52E+11
1935,0.35,20,101,2.52E+11
1936,0.36,20,101,2.51E+11
1937,0.37,20,101,2.51E+11
1938,0.38,20,101,2.51E+11
1939,0.39,20,101,2.50E+11
1940,0.4,20,101,2.50E+11
1941,0.41,20,101,2.49E+11
1942,0.42,20,101,2.49E+11
1943,0.43,20,101,2.49E+11
1944,0.44,20,101,2.48E+11
1945,0.45,20,101,2.48E+11
1946,0.46,20,101,2.47E+11
1947,0.47,20,101,2.47E+11
1948,0.48,20,101,2.46E+11
1949,0.49,20,101,2.46E+11
1950,0.5,20,101,2.46E+11
1951,0.51,20,101,2.45E+11
1952,0.52,20,101,2.45E+11
1953,0.53,20,101,2.44E+11
1954,0.54,20,101,2.44E+11
1955,0.55,20,101,2.43E+11
1956,0.56,20,101,2.43E+11
1957,0.57,20,101,2.43E+11
1958,0.58,20,101,2.42E+11
1959,0.59,20,101,2.42E+11
1960,0.6,20,101,2.41E+11
1961,0.61,20,101,2.41E+11
1962,0.62,20,101,2.40E+11
1963,0.63,20,101,2.40E+11
1964,0.64,20,101,2.40E+11
1965,0.65,20,101,2.39E+11
1966,0.66,20,101,2.39E+11
1967,0.67,20,101,2.38E+11
1968,0.68,20,101,2.38E+11
1969,0.69,20,101,2.37E+11
1970,0.7,20,101,2.37E+11
1971,0.71,20,101,2.37E+11
1972,0.72,20,101,2.36E+11
1973,0.73,20,101,2.36E+11
1974,0.74,20,101,2.36E+11
1975,0.75,20,101,2.35E+11
1976,0.76,20,101,2.35E+11
1977,0.77,20,101,2.34E+11
1978,0.78,20,101,2.34E+11
1979,0.79,20,101,2.34E+11
1980,0.8,20,101,2.33E+11
1981,0.81,20,101,2.33E+11
1982,0.82,20,101,2.32E+11
1983,0.83,20,101,2.32E+11
1984,0.84,20,101,2.32E+11
1985,0.85,20,101,2.31E+11
1986,0.86,20,101,2.31E+11
1987,0.87,20,101,2.30E+11
1988,0.88,20,101,2.30E+11
1990,0.9,20,101,2.29E+11
1989,0.89,20,101,2.29E+11
1991,0.91,20,101,2.29E+11
1992,0.92,20,101,2.28E+11
1993,0.93,20,101,2.28E+11
1994,0.94,20,101,2.27E+11
1995,0.95,20,101,2.27E+11
1996,0.96,20,101,2.27E+11
1997,0.97,20,101,2.26E+11
1998,0.98,20,101,2.26E+11
1999,0.99,20,101,2.25E+11
2000,1,20,101,2.25E+11