[run number],Subsidy,Moving_Cost_Multiplier,[step],OBJECTIVE,,,,,,
2,20000,1,101,2.33E+08,,,,,,
1,10000,1,101,1.45E+08,,,,,,
3,30000,1,101,3.24E+08,,,,,,
4,40000,1,101,4.17E+08,,,,,,
5,50000,1,101,5.11E+08,,,,,,
6,60000,1,101,6.06E+08,,,,,,
7,70000,1,101,7.02E+08,,,,,,
8,80000,1,101,7.99E+08,,,,,,
9,90000,1,101,8.97E+08,,,,,Moving_Cost_Multiplier,10
10,100000,1,101,9.96E+08,,,,,,
11,110000,1,101,1.09E+09,,,,,行标签,求和项:OBJECTIVE
12,120000,1,101,1.19E+09,,,,,10000,12781724898
13,130000,1,101,1.29E+09,,,,,20000,12757175365
14,140000,1,101,1.39E+09,,,,,30000,12735929178
15,150000,1,101,1.49E+09,,,,,40000,12698657899
16,160000,1,101,1.59E+09,,,,,50000,12662182601
17,170000,1,101,1.69E+09,,,,,60000,12625153766
18,180000,1,101,1.80E+09,,,,,70000,12582157417
20,200000,1,101,2.00E+09,,,,,80000,12543237360
19,190000,1,101,1.90E+09,,,,,90000,12518924572
21,210000,1,101,2.10E+09,,,,,100000,12477616591
22,220000,1,101,2.20E+09,,,,,110000,12452771300
23,230000,1,101,2.30E+09,,,,,120000,12416719000
24,240000,1,101,2.40E+09,,,,,130000,12395418282
25,250000,1,101,2.50E+09,,,,,140000,12369122962
26,260000,1,101,2.60E+09,,,,,150000,12340233394
27,270000,1,101,2.70E+09,,,,,160000,12317542904
28,280000,1,101,2.80E+09,,,,,170000,12289418488
29,290000,1,101,2.90E+09,,,,,180000,12248922053
31,310000,1,101,3.10E+09,,,,,190000,12217046781
30,300000,1,101,3.00E+09,,,,,200000,12197532273
32,320000,1,101,3.21E+09,,,,,210000,12188880530
33,330000,1,101,3.31E+09,,,,,220000,12175749824
34,340000,1,101,3.41E+09,,,,,230000,12166949881
35,350000,1,101,3.51E+09,,,,,240000,12147222632
36,360000,1,101,3.61E+09,,,,,250000,12141038584
37,370000,1,101,3.71E+09,,,,,260000,12128422951
38,380000,1,101,3.81E+09,,,,,270000,12117395104
39,390000,1,101,3.91E+09,,,,,280000,12096122375
40,400000,1,101,4.01E+09,,,,,290000,12088749080
41,410000,1,101,4.11E+09,,,,,300000,12079732744
42,420000,1,101,4.21E+09,,,,,310000,12070701594
43,430000,1,101,4.31E+09,,,,,320000,12063122833
44,440000,1,101,4.41E+09,,,,,330000,12043807817
45,450000,1,101,4.51E+09,,,,,340000,12033330638
46,460000,1,101,4.61E+09,,,,,350000,12024310931
47,470000,1,101,4.71E+09,,,,,360000,12011883867
48,480000,1,101,4.81E+09,,,,,370000,12006964934
49,490000,1,101,4.91E+09,,,,,380000,11994977908
50,500000,1,101,5.01E+09,,,,,390000,11984829106
51,510000,1,101,5.11E+09,,,,,400000,11936908552
52,520000,1,101,5.21E+09,,,,,410000,11935391553
53,530000,1,101,5.31E+09,,,,,420000,11936893299
54,540000,1,101,5.41E+09,,,,,430000,11931084999
56,560000,1,101,5.61E+09,,,,,440000,11929450888
55,550000,1,101,5.51E+09,,,,,450000,11934147375
57,570000,1,101,5.71E+09,,,,,460000,11925164891
58,580000,1,101,5.81E+09,,,,,470000,11923690361
59,590000,1,101,5.91E+09,,,,,480000,11929444685
60,600000,1,101,6.01E+09,,,,,490000,11945338819
61,610000,1,101,6.11E+09,,,,,500000,11950843038
62,620000,1,101,6.21E+09,,,,,510000,11953767412
63,630000,1,101,6.31E+09,,,,,520000,11964333744
64,640000,1,101,6.41E+09,,,,,530000,11968413531
65,650000,1,101,6.51E+09,,,,,540000,11985104064
66,660000,1,101,6.61E+09,,,,,550000,11998722612
67,670000,1,101,6.71E+09,,,,,560000,12012894979
68,680000,1,101,6.81E+09,,,,,570000,12018137285
69,690000,1,101,6.91E+09,,,,,580000,12033066006
70,700000,1,101,7.01E+09,,,,,590000,12046967376
71,710000,1,101,7.11E+09,,,,,600000,12058457212
72,720000,1,101,7.21E+09,,,,,610000,12061951783
73,730000,1,101,7.31E+09,,,,,620000,12063677343
74,740000,1,101,7.41E+09,,,,,630000,12079129266
75,750000,1,101,7.51E+09,,,,,640000,12099098633
76,760000,1,101,7.61E+09,,,,,650000,12128176196
77,770000,1,101,7.71E+09,,,,,660000,12140487040
78,780000,1,101,7.81E+09,,,,,670000,12159896123
79,790000,1,101,7.91E+09,,,,,680000,12183370804
80,800000,1,101,8.01E+09,,,,,690000,12208988159
81,810000,1,101,8.11E+09,,,,,700000,12228087953
82,820000,1,101,8.21E+09,,,,,710000,12243388472
83,830000,1,101,8314940000,,,,,720000,12273372715
84,840000,1,101,8415120000,,,,,730000,12305156722
85,850000,1,101,8515300000,,,,,740000,12317666636
86,860000,1,101,8615480000,,,,,750000,12349822911
87,870000,1,101,8715660000,,,,,760000,12383438497
88,880000,1,101,8815840000,,,,,770000,12414249561
89,890000,1,101,8916020000,,,,,780000,12445155177
90,900000,1,101,9016200000,,,,,790000,12471205373
91,910000,1,101,9116380000,,,,,800000,12506015832
92,920000,1,101,9216560000,,,,,810000,12531591371
93,930000,1,101,9316740000,,,,,820000,12561101561
94,940000,1,101,9416920000,,,,,830000,12588972755
95,950000,1,101,9517100000,,,,,840000,12621515381
96,960000,1,101,9617280000,,,,,850000,12657702365
97,970000,1,101,9717460000,,,,,860000,12684919923
98,980000,1,101,9817640000,,,,,870000,12720027605
99,990000,1,101,9917820000,,,,,880000,12756889528
100,1000000,1,101,10018000000,,,,,890000,12793582963
101,10000,2,101,4.07E+08,,,,,900000,12827376622
102,20000,2,101,4.83E+08,,,,,910000,12859962700
103,30000,2,101,5.59E+08,,,,,920000,12902752730
104,40000,2,101,6.33E+08,,,,,930000,12944915233
105,50000,2,101,7.08E+08,,,,,940000,12997925958
106,60000,2,101,7.83E+08,,,,,950000,13033284439
107,70000,2,101,8.59E+08,,,,,960000,13085656603
108,80000,2,101,9.37E+08,,,,,970000,13133970430
109,90000,2,101,1.02E+09,,,,,980000,13180266613
110,100000,2,101,1.10E+09,,,,,990000,13221758704
112,120000,2,101,1.27E+09,,,,,1000000,13265625573
111,110000,2,101,1.18E+09,,,,,总计,1.23294E+12
113,130000,2,101,1.36E+09,,,,,,
114,140000,2,101,1.44E+09,,,,,,
115,150000,2,101,1.53E+09,,,,,,
116,160000,2,101,1.62E+09,,,,,,
117,170000,2,101,1.71E+09,,,,,,
118,180000,2,101,1.81E+09,,,,,,
119,190000,2,101,1.90E+09,,,,,,
120,200000,2,101,1.99E+09,,,,,,
121,210000,2,101,2.09E+09,,,,,,
122,220000,2,101,2.18E+09,,,,,,
123,230000,2,101,2.28E+09,,,,,,
124,240000,2,101,2.37E+09,,,,,,
125,250000,2,101,2.47E+09,,,,,,
126,260000,2,101,2.56E+09,,,,,,
127,270000,2,101,2.66E+09,,,,,,
128,280000,2,101,2.76E+09,,,,,,
129,290000,2,101,2.86E+09,,,,,,
130,300000,2,101,2.96E+09,,,,,,
131,310000,2,101,3.05E+09,,,,,,
132,320000,2,101,3.15E+09,,,,,,
133,330000,2,101,3.25E+09,,,,,,
134,340000,2,101,3.35E+09,,,,,,
135,350000,2,101,3.45E+09,,,,,,
136,360000,2,101,3.55E+09,,,,,,
137,370000,2,101,3.65E+09,,,,,,
138,380000,2,101,3.75E+09,,,,,,
139,390000,2,101,3.85E+09,,,,,,
140,400000,2,101,3.95E+09,,,,,,
141,410000,2,101,4.06E+09,,,,,,
142,420000,2,101,4.16E+09,,,,,,
143,430000,2,101,4.26E+09,,,,,,
144,440000,2,101,4.36E+09,,,,,,
145,450000,2,101,4.46E+09,,,,,,
146,460000,2,101,4.56E+09,,,,,,
147,470000,2,101,4.66E+09,,,,,,
148,480000,2,101,4.77E+09,,,,,,
149,490000,2,101,4.87E+09,,,,,,
150,500000,2,101,4.97E+09,,,,,,
151,510000,2,101,5.07E+09,,,,,,
152,520000,2,101,5.17E+09,,,,,,
153,530000,2,101,5.28E+09,,,,,,
154,540000,2,101,5.38E+09,,,,,,
155,550000,2,101,5.48E+09,,,,,,
156,560000,2,101,5.58E+09,,,,,,
157,570000,2,101,5.68E+09,,,,,,
158,580000,2,101,5.79E+09,,,,,,
159,590000,2,101,5.89E+09,,,,,,
160,600000,2,101,5.99E+09,,,,,,
161,610000,2,101,6.09E+09,,,,,,
162,620000,2,101,6.19E+09,,,,,,
163,630000,2,101,6.29E+09,,,,,,
164,640000,2,101,6.39E+09,,,,,,
165,650000,2,101,6.50E+09,,,,,,
166,660000,2,101,6.60E+09,,,,,,
167,670000,2,101,6.70E+09,,,,,,
168,680000,2,101,6.80E+09,,,,,,
169,690000,2,101,6.90E+09,,,,,,
170,700000,2,101,7.00E+09,,,,,,
171,710000,2,101,7.10E+09,,,,,,
172,720000,2,101,7.20E+09,,,,,,
173,730000,2,101,7.30E+09,,,,,,
174,740000,2,101,7.40E+09,,,,,,
175,750000,2,101,7.50E+09,,,,,,
176,760000,2,101,7.60E+09,,,,,,
177,770000,2,101,7.70E+09,,,,,,
178,780000,2,101,7.80E+09,,,,,,
179,790000,2,101,7.90E+09,,,,,,
180,800000,2,101,8.00E+09,,,,,,
181,810000,2,101,8.10E+09,,,,,,
182,820000,2,101,8.20E+09,,,,,,
183,830000,2,101,8.30E+09,,,,,,
184,840000,2,101,8.40E+09,,,,,,
185,850000,2,101,8.51E+09,,,,,,
186,860000,2,101,8.61E+09,,,,,,
187,870000,2,101,8.71E+09,,,,,,
188,880000,2,101,8.81E+09,,,,,,
189,890000,2,101,8.91E+09,,,,,,
190,900000,2,101,9.01E+09,,,,,,
191,910000,2,101,9.11E+09,,,,,,
192,920000,2,101,9.21E+09,,,,,,
193,930000,2,101,9.31E+09,,,,,,
194,940000,2,101,9.41E+09,,,,,,
195,950000,2,101,9.51E+09,,,,,,
196,960000,2,101,9.61E+09,,,,,,
197,970000,2,101,9.71E+09,,,,,,
198,980000,2,101,9.81E+09,,,,,,
199,990000,2,101,9.91E+09,,,,,,
200,1000000,2,101,1.00E+10,,,,,,
201,10000,3,101,9.26E+08,,,,,,
202,20000,3,101,9.71E+08,,,,,,
203,30000,3,101,1.02E+09,,,,,,
204,40000,3,101,1.08E+09,,,,,,
205,50000,3,101,1.14E+09,,,,,,
206,60000,3,101,1.20E+09,,,,,,
207,70000,3,101,1.26E+09,,,,,,
208,80000,3,101,1.33E+09,,,,,,
209,90000,3,101,1.39E+09,,,,,,
210,100000,3,101,1.46E+09,,,,,,
211,110000,3,101,1.52E+09,,,,,,
212,120000,3,101,1.59E+09,,,,,,
213,130000,3,101,1.66E+09,,,,,,
214,140000,3,101,1.73E+09,,,,,,
215,150000,3,101,1.80E+09,,,,,,
216,160000,3,101,1.87E+09,,,,,,
217,170000,3,101,1.95E+09,,,,,,
218,180000,3,101,2.02E+09,,,,,,
219,190000,3,101,2.10E+09,,,,,,
220,200000,3,101,2.18E+09,,,,,,
221,210000,3,101,2.26E+09,,,,,,
222,220000,3,101,2.34E+09,,,,,,
223,230000,3,101,2.42E+09,,,,,,
224,240000,3,101,2.50E+09,,,,,,
225,250000,3,101,2.59E+09,,,,,,
226,260000,3,101,2.67E+09,,,,,,
227,270000,3,101,2.76E+09,,,,,,
228,280000,3,101,2.85E+09,,,,,,
229,290000,3,101,2.93E+09,,,,,,
230,300000,3,101,3.02E+09,,,,,,
231,310000,3,101,3.11E+09,,,,,,
232,320000,3,101,3.20E+09,,,,,,
233,330000,3,101,3.29E+09,,,,,,
234,340000,3,101,3.38E+09,,,,,,
235,350000,3,101,3.47E+09,,,,,,
236,360000,3,101,3.57E+09,,,,,,
237,370000,3,101,3.66E+09,,,,,,
238,380000,3,101,3.75E+09,,,,,,
239,390000,3,101,3.84E+09,,,,,,
240,400000,3,101,3.94E+09,,,,,,
241,410000,3,101,4.03E+09,,,,,,
242,420000,3,101,4.13E+09,,,,,,
243,430000,3,101,4.22E+09,,,,,,
244,440000,3,101,4.32E+09,,,,,,
245,450000,3,101,4.41E+09,,,,,,
246,460000,3,101,4.51E+09,,,,,,
247,470000,3,101,4.61E+09,,,,,,
248,480000,3,101,4.70E+09,,,,,,
249,490000,3,101,4.80E+09,,,,,,
250,500000,3,101,4.90E+09,,,,,,
251,510000,3,101,5.00E+09,,,,,,
252,520000,3,101,5.09E+09,,,,,,
253,530000,3,101,5.19E+09,,,,,,
254,540000,3,101,5.29E+09,,,,,,
255,550000,3,101,5.39E+09,,,,,,
256,560000,3,101,5.49E+09,,,,,,
257,570000,3,101,5.59E+09,,,,,,
258,580000,3,101,5.69E+09,,,,,,
259,590000,3,101,5.79E+09,,,,,,
260,600000,3,101,5.89E+09,,,,,,
261,610000,3,101,5.99E+09,,,,,,
262,620000,3,101,6.09E+09,,,,,,
263,630000,3,101,6.19E+09,,,,,,
264,640000,3,101,6.29E+09,,,,,,
265,650000,3,101,6.39E+09,,,,,,
266,660000,3,101,6.49E+09,,,,,,
267,670000,3,101,6.59E+09,,,,,,
268,680000,3,101,6.69E+09,,,,,,
269,690000,3,101,6.80E+09,,,,,,
270,700000,3,101,6.90E+09,,,,,,
271,710000,3,101,7.00E+09,,,,,,
272,720000,3,101,7.10E+09,,,,,,
273,730000,3,101,7.20E+09,,,,,,
274,740000,3,101,7.30E+09,,,,,,
275,750000,3,101,7.41E+09,,,,,,
276,760000,3,101,7.51E+09,,,,,,
277,770000,3,101,7.61E+09,,,,,,
278,780000,3,101,7.71E+09,,,,,,
279,790000,3,101,7.82E+09,,,,,,
280,800000,3,101,7.92E+09,,,,,,
281,810000,3,101,8.02E+09,,,,,,
282,820000,3,101,8.12E+09,,,,,,
283,830000,3,101,8.23E+09,,,,,,
284,840000,3,101,8.33E+09,,,,,,
285,850000,3,101,8.43E+09,,,,,,
286,860000,3,101,8.53E+09,,,,,,
287,870000,3,101,8.64E+09,,,,,,
288,880000,3,101,8.74E+09,,,,,,
289,890000,3,101,8.84E+09,,,,,,
290,900000,3,101,8.94E+09,,,,,,
291,910000,3,101,9.05E+09,,,,,,
292,920000,3,101,9.15E+09,,,,,,
293,930000,3,101,9.25E+09,,,,,,
294,940000,3,101,9.35E+09,,,,,,
295,950000,3,101,9.46E+09,,,,,,
296,960000,3,101,9.56E+09,,,,,,
297,970000,3,101,9.66E+09,,,,,,
298,980000,3,101,9.76E+09,,,,,,
299,990000,3,101,9.86E+09,,,,,,
300,1000000,3,101,9.97E+09,,,,,,
301,10000,4,101,1.65E+09,,,,,,
302,20000,4,101,1.69E+09,,,,,,
303,30000,4,101,1.73E+09,,,,,,
304,40000,4,101,1.77E+09,,,,,,
305,50000,4,101,1.82E+09,,,,,,
306,60000,4,101,1.87E+09,,,,,,
307,70000,4,101,1.92E+09,,,,,,
308,80000,4,101,1.97E+09,,,,,,
309,90000,4,101,2.01E+09,,,,,,
310,100000,4,101,2.06E+09,,,,,,
311,110000,4,101,2.11E+09,,,,,,
312,120000,4,101,2.16E+09,,,,,,
313,130000,4,101,2.22E+09,,,,,,
314,140000,4,101,2.27E+09,,,,,,
315,150000,4,101,2.33E+09,,,,,,
316,160000,4,101,2.39E+09,,,,,,
317,170000,4,101,2.45E+09,,,,,,
318,180000,4,101,2.51E+09,,,,,,
319,190000,4,101,2.57E+09,,,,,,
320,200000,4,101,2.63E+09,,,,,,
321,210000,4,101,2.69E+09,,,,,,
322,220000,4,101,2.75E+09,,,,,,
323,230000,4,101,2.82E+09,,,,,,
324,240000,4,101,2.89E+09,,,,,,
325,250000,4,101,2.95E+09,,,,,,
326,260000,4,101,3.02E+09,,,,,,
327,270000,4,101,3.10E+09,,,,,,
328,280000,4,101,3.17E+09,,,,,,
329,290000,4,101,3.24E+09,,,,,,
330,300000,4,101,3.31E+09,,,,,,
331,310000,4,101,3.39E+09,,,,,,
332,320000,4,101,3.46E+09,,,,,,
333,330000,4,101,3.54E+09,,,,,,
334,340000,4,101,3.62E+09,,,,,,
335,350000,4,101,3.70E+09,,,,,,
336,360000,4,101,3.78E+09,,,,,,
337,370000,4,101,3.86E+09,,,,,,
338,380000,4,101,3.94E+09,,,,,,
339,390000,4,101,4.02E+09,,,,,,
340,400000,4,101,4.10E+09,,,,,,
341,410000,4,101,4.19E+09,,,,,,
342,420000,4,101,4.27E+09,,,,,,
343,430000,4,101,4.36E+09,,,,,,
344,440000,4,101,4.44E+09,,,,,,
345,450000,4,101,4.53E+09,,,,,,
346,460000,4,101,4.62E+09,,,,,,
347,470000,4,101,4.70E+09,,,,,,
348,480000,4,101,4.79E+09,,,,,,
349,490000,4,101,4.88E+09,,,,,,
350,500000,4,101,4.97E+09,,,,,,
351,510000,4,101,5.06E+09,,,,,,
352,520000,4,101,5.15E+09,,,,,,
353,530000,4,101,5.24E+09,,,,,,
354,540000,4,101,5.33E+09,,,,,,
355,550000,4,101,5.42E+09,,,,,,
356,560000,4,101,5.51E+09,,,,,,
357,570000,4,101,5.61E+09,,,,,,
358,580000,4,101,5.70E+09,,,,,,
359,590000,4,101,5.79E+09,,,,,,
360,600000,4,101,5.89E+09,,,,,,
361,610000,4,101,5.98E+09,,,,,,
362,620000,4,101,6.07E+09,,,,,,
363,630000,4,101,6.17E+09,,,,,,
364,640000,4,101,6.26E+09,,,,,,
365,650000,4,101,6.35E+09,,,,,,
366,660000,4,101,6.45E+09,,,,,,
367,670000,4,101,6.55E+09,,,,,,
368,680000,4,101,6.64E+09,,,,,,
369,690000,4,101,6.74E+09,,,,,,
370,700000,4,101,6.83E+09,,,,,,
371,710000,4,101,6.93E+09,,,,,,
372,720000,4,101,7.03E+09,,,,,,
373,730000,4,101,7.13E+09,,,,,,
374,740000,4,101,7.22E+09,,,,,,
375,750000,4,101,7.32E+09,,,,,,
376,760000,4,101,7.42E+09,,,,,,
377,770000,4,101,7.52E+09,,,,,,
378,780000,4,101,7.61E+09,,,,,,
379,790000,4,101,7.71E+09,,,,,,
380,800000,4,101,7.81E+09,,,,,,
381,810000,4,101,7.91E+09,,,,,,
382,820000,4,101,8.01E+09,,,,,,
383,830000,4,101,8.11E+09,,,,,,
384,840000,4,101,8.21E+09,,,,,,
385,850000,4,101,8.31E+09,,,,,,
386,860000,4,101,8.41E+09,,,,,,
387,870000,4,101,8.51E+09,,,,,,
388,880000,4,101,8.61E+09,,,,,,
389,890000,4,101,8.71E+09,,,,,,
390,900000,4,101,8.81E+09,,,,,,
391,910000,4,101,8.91E+09,,,,,,
392,920000,4,101,9.01E+09,,,,,,
393,930000,4,101,9.12E+09,,,,,,
394,940000,4,101,9.22E+09,,,,,,
395,950000,4,101,9.32E+09,,,,,,
396,960000,4,101,9.42E+09,,,,,,
398,980000,4,101,9.62E+09,,,,,,
397,970000,4,101,9.52E+09,,,,,,
399,990000,4,101,9.73E+09,,,,,,
400,1000000,4,101,9.83E+09,,,,,,
402,20000,5,101,2.65E+09,,,,,,
401,10000,5,101,2.62E+09,,,,,,
403,30000,5,101,2.69E+09,,,,,,
404,40000,5,101,2.72E+09,,,,,,
405,50000,5,101,2.75E+09,,,,,,
406,60000,5,101,2.79E+09,,,,,,
407,70000,5,101,2.82E+09,,,,,,
408,80000,5,101,2.85E+09,,,,,,
409,90000,5,101,2.88E+09,,,,,,
410,100000,5,101,2.92E+09,,,,,,
411,110000,5,101,2.95E+09,,,,,,
412,120000,5,101,2.99E+09,,,,,,
413,130000,5,101,3.03E+09,,,,,,
414,140000,5,101,3.07E+09,,,,,,
415,150000,5,101,3.12E+09,,,,,,
416,160000,5,101,3.16E+09,,,,,,
417,170000,5,101,3.20E+09,,,,,,
418,180000,5,101,3.24E+09,,,,,,
419,190000,5,101,3.29E+09,,,,,,
420,200000,5,101,3.34E+09,,,,,,
421,210000,5,101,3.39E+09,,,,,,
422,220000,5,101,3.44E+09,,,,,,
424,240000,5,101,3.55E+09,,,,,,
423,230000,5,101,3.49E+09,,,,,,
426,260000,5,101,3.65E+09,,,,,,
425,250000,5,101,3.60E+09,,,,,,
428,280000,5,101,3.76E+09,,,,,,
427,270000,5,101,3.70E+09,,,,,,
430,300000,5,101,3.88E+09,,,,,,
429,290000,5,101,3.82E+09,,,,,,
431,310000,5,101,3.94E+09,,,,,,
432,320000,5,101,4.00E+09,,,,,,
433,330000,5,101,4.06E+09,,,,,,
434,340000,5,101,4.12E+09,,,,,,
435,350000,5,101,4.18E+09,,,,,,
436,360000,5,101,4.25E+09,,,,,,
437,370000,5,101,4.32E+09,,,,,,
438,380000,5,101,4.38E+09,,,,,,
439,390000,5,101,4.45E+09,,,,,,
440,400000,5,101,4.52E+09,,,,,,
441,410000,5,101,4.59E+09,,,,,,
442,420000,5,101,4.66E+09,,,,,,
443,430000,5,101,4.73E+09,,,,,,
444,440000,5,101,4.81E+09,,,,,,
445,450000,5,101,4.88E+09,,,,,,
446,460000,5,101,4.95E+09,,,,,,
447,470000,5,101,5.03E+09,,,,,,
448,480000,5,101,5.10E+09,,,,,,
449,490000,5,101,5.18E+09,,,,,,
450,500000,5,101,5.26E+09,,,,,,
451,510000,5,101,5.34E+09,,,,,,
452,520000,5,101,5.42E+09,,,,,,
453,530000,5,101,5.50E+09,,,,,,
454,540000,5,101,5.58E+09,,,,,,
455,550000,5,101,5.66E+09,,,,,,
456,560000,5,101,5.74E+09,,,,,,
457,570000,5,101,5.82E+09,,,,,,
458,580000,5,101,5.90E+09,,,,,,
459,590000,5,101,5.99E+09,,,,,,
460,600000,5,101,6.07E+09,,,,,,
461,610000,5,101,6.16E+09,,,,,,
462,620000,5,101,6.24E+09,,,,,,
463,630000,5,101,6.33E+09,,,,,,
464,640000,5,101,6.42E+09,,,,,,
465,650000,5,101,6.50E+09,,,,,,
466,660000,5,101,6.59E+09,,,,,,
467,670000,5,101,6.68E+09,,,,,,
468,680000,5,101,6.76E+09,,,,,,
469,690000,5,101,6.85E+09,,,,,,
470,700000,5,101,6.94E+09,,,,,,
471,710000,5,101,7.03E+09,,,,,,
472,720000,5,101,7.12E+09,,,,,,
473,730000,5,101,7.21E+09,,,,,,
474,740000,5,101,7.30E+09,,,,,,
475,750000,5,101,7.39E+09,,,,,,
476,760000,5,101,7.48E+09,,,,,,
477,770000,5,101,7.57E+09,,,,,,
478,780000,5,101,7.66E+09,,,,,,
479,790000,5,101,7.75E+09,,,,,,
480,800000,5,101,7.85E+09,,,,,,
481,810000,5,101,7.94E+09,,,,,,
482,820000,5,101,8.03E+09,,,,,,
483,830000,5,101,8.12E+09,,,,,,
484,840000,5,101,8.22E+09,,,,,,
485,850000,5,101,8.31E+09,,,,,,
486,860000,5,101,8.40E+09,,,,,,
487,870000,5,101,8.50E+09,,,,,,
488,880000,5,101,8.59E+09,,,,,,
489,890000,5,101,8.69E+09,,,,,,
490,900000,5,101,8.78E+09,,,,,,
491,910000,5,101,8.88E+09,,,,,,
492,920000,5,101,8.97E+09,,,,,,
493,930000,5,101,9.07E+09,,,,,,
494,940000,5,101,9.17E+09,,,,,,
495,950000,5,101,9.26E+09,,,,,,
496,960000,5,101,9.36E+09,,,,,,
497,970000,5,101,9.46E+09,,,,,,
498,980000,5,101,9.55E+09,,,,,,
499,990000,5,101,9.65E+09,,,,,,
500,1000000,5,101,9.75E+09,,,,,,
501,10000,6,101,3.92E+09,,,,,,
502,20000,6,101,3.93E+09,,,,,,
503,30000,6,101,3.94E+09,,,,,,
504,40000,6,101,3.95E+09,,,,,,
506,60000,6,101,3.98E+09,,,,,,
505,50000,6,101,3.96E+09,,,,,,
507,70000,6,101,4.00E+09,,,,,,
508,80000,6,101,4.02E+09,,,,,,
509,90000,6,101,4.04E+09,,,,,,
510,100000,6,101,4.06E+09,,,,,,
511,110000,6,101,4.09E+09,,,,,,
512,120000,6,101,4.11E+09,,,,,,
513,130000,6,101,4.14E+09,,,,,,
514,140000,6,101,4.16E+09,,,,,,
515,150000,6,101,4.19E+09,,,,,,
516,160000,6,101,4.22E+09,,,,,,
517,170000,6,101,4.25E+09,,,,,,
518,180000,6,101,4.28E+09,,,,,,
519,190000,6,101,4.31E+09,,,,,,
520,200000,6,101,4.35E+09,,,,,,
521,210000,6,101,4.38E+09,,,,,,
522,220000,6,101,4.42E+09,,,,,,
523,230000,6,101,4.45E+09,,,,,,
524,240000,6,101,4.49E+09,,,,,,
525,250000,6,101,4.53E+09,,,,,,
526,260000,6,101,4.57E+09,,,,,,
527,270000,6,101,4.61E+09,,,,,,
528,280000,6,101,4.65E+09,,,,,,
529,290000,6,101,4.69E+09,,,,,,
530,300000,6,101,4.74E+09,,,,,,
531,310000,6,101,4.78E+09,,,,,,
532,320000,6,101,4.83E+09,,,,,,
534,340000,6,101,4.92E+09,,,,,,
533,330000,6,101,4.87E+09,,,,,,
535,350000,6,101,4.97E+09,,,,,,
536,360000,6,101,5.02E+09,,,,,,
537,370000,6,101,5.08E+09,,,,,,
538,380000,6,101,5.13E+09,,,,,,
539,390000,6,101,5.18E+09,,,,,,
540,400000,6,101,5.24E+09,,,,,,
541,410000,6,101,5.30E+09,,,,,,
542,420000,6,101,5.35E+09,,,,,,
543,430000,6,101,5.41E+09,,,,,,
544,440000,6,101,5.47E+09,,,,,,
545,450000,6,101,5.52E+09,,,,,,
546,460000,6,101,5.58E+09,,,,,,
547,470000,6,101,5.64E+09,,,,,,
548,480000,6,101,5.70E+09,,,,,,
550,500000,6,101,5.83E+09,,,,,,
549,490000,6,101,5.77E+09,,,,,,
551,510000,6,101,5.89E+09,,,,,,
552,520000,6,101,5.96E+09,,,,,,
553,530000,6,101,6.03E+09,,,,,,
554,540000,6,101,6.10E+09,,,,,,
555,550000,6,101,6.16E+09,,,,,,
556,560000,6,101,6.23E+09,,,,,,
557,570000,6,101,6.30E+09,,,,,,
558,580000,6,101,6.37E+09,,,,,,
559,590000,6,101,6.44E+09,,,,,,
560,600000,6,101,6.52E+09,,,,,,
561,610000,6,101,6.59E+09,,,,,,
562,620000,6,101,6.66E+09,,,,,,
563,630000,6,101,6.73E+09,,,,,,
564,640000,6,101,6.81E+09,,,,,,
565,650000,6,101,6.88E+09,,,,,,
566,660000,6,101,6.96E+09,,,,,,
567,670000,6,101,7.04E+09,,,,,,
568,680000,6,101,7.12E+09,,,,,,
570,700000,6,101,7.27E+09,,,,,,
569,690000,6,101,7.19E+09,,,,,,
571,710000,6,101,7.35E+09,,,,,,
572,720000,6,101,7.43E+09,,,,,,
573,730000,6,101,7.51E+09,,,,,,
574,740000,6,101,7.59E+09,,,,,,
575,750000,6,101,7.68E+09,,,,,,
576,760000,6,101,7.76E+09,,,,,,
577,770000,6,101,7.84E+09,,,,,,
578,780000,6,101,7.92E+09,,,,,,
579,790000,6,101,8.01E+09,,,,,,
581,810000,6,101,8.17E+09,,,,,,
580,800000,6,101,8.09E+09,,,,,,
582,820000,6,101,8.26E+09,,,,,,
583,830000,6,101,8.34E+09,,,,,,
584,840000,6,101,8.43E+09,,,,,,
585,850000,6,101,8.51E+09,,,,,,
586,860000,6,101,8.60E+09,,,,,,
587,870000,6,101,8.68E+09,,,,,,
588,880000,6,101,8.77E+09,,,,,,
589,890000,6,101,8.86E+09,,,,,,
590,900000,6,101,8.95E+09,,,,,,
591,910000,6,101,9.03E+09,,,,,,
592,920000,6,101,9.12E+09,,,,,,
593,930000,6,101,9.21E+09,,,,,,
594,940000,6,101,9.30E+09,,,,,,
595,950000,6,101,9.39E+09,,,,,,
596,960000,6,101,9.47E+09,,,,,,
597,970000,6,101,9.56E+09,,,,,,
598,980000,6,101,9.65E+09,,,,,,
599,990000,6,101,9.75E+09,,,,,,
600,1000000,6,101,9.84E+09,,,,,,
601,10000,7,101,5.45E+09,,,,,,
602,20000,7,101,5.47E+09,,,,,,
603,30000,7,101,5.48E+09,,,,,,
604,40000,7,101,5.49E+09,,,,,,
605,50000,7,101,5.50E+09,,,,,,
606,60000,7,101,5.51E+09,,,,,,
607,70000,7,101,5.51E+09,,,,,,
608,80000,7,101,5.51E+09,,,,,,
609,90000,7,101,5.53E+09,,,,,,
610,100000,7,101,5.53E+09,,,,,,
611,110000,7,101,5.55E+09,,,,,,
612,120000,7,101,5.56E+09,,,,,,
613,130000,7,101,5.57E+09,,,,,,
614,140000,7,101,5.58E+09,,,,,,
615,150000,7,101,5.60E+09,,,,,,
616,160000,7,101,5.61E+09,,,,,,
617,170000,7,101,5.63E+09,,,,,,
618,180000,7,101,5.64E+09,,,,,,
620,200000,7,101,5.68E+09,,,,,,
619,190000,7,101,5.66E+09,,,,,,
621,210000,7,101,5.70E+09,,,,,,
622,220000,7,101,5.72E+09,,,,,,
623,230000,7,101,5.75E+09,,,,,,
624,240000,7,101,5.77E+09,,,,,,
625,250000,7,101,5.79E+09,,,,,,
626,260000,7,101,5.82E+09,,,,,,
627,270000,7,101,5.84E+09,,,,,,
628,280000,7,101,5.87E+09,,,,,,
629,290000,7,101,5.90E+09,,,,,,
630,300000,7,101,5.92E+09,,,,,,
631,310000,7,101,5.95E+09,,,,,,
632,320000,7,101,5.99E+09,,,,,,
633,330000,7,101,6.02E+09,,,,,,
634,340000,7,101,6.06E+09,,,,,,
635,350000,7,101,6.09E+09,,,,,,
636,360000,7,101,6.13E+09,,,,,,
637,370000,7,101,6.17E+09,,,,,,
638,380000,7,101,6.21E+09,,,,,,
639,390000,7,101,6.25E+09,,,,,,
640,400000,7,101,6.29E+09,,,,,,
641,410000,7,101,6.33E+09,,,,,,
642,420000,7,101,6.37E+09,,,,,,
643,430000,7,101,6.42E+09,,,,,,
644,440000,7,101,6.46E+09,,,,,,
645,450000,7,101,6.50E+09,,,,,,
646,460000,7,101,6.54E+09,,,,,,
647,470000,7,101,6.59E+09,,,,,,
648,480000,7,101,6.64E+09,,,,,,
649,490000,7,101,6.68E+09,,,,,,
650,500000,7,101,6.74E+09,,,,,,
651,510000,7,101,6.78E+09,,,,,,
652,520000,7,101,6.83E+09,,,,,,
653,530000,7,101,6.89E+09,,,,,,
654,540000,7,101,6.94E+09,,,,,,
655,550000,7,101,6.99E+09,,,,,,
656,560000,7,101,7.05E+09,,,,,,
657,570000,7,101,7.11E+09,,,,,,
658,580000,7,101,7.16E+09,,,,,,
659,590000,7,101,7.22E+09,,,,,,
660,600000,7,101,7.28E+09,,,,,,
661,610000,7,101,7.34E+09,,,,,,
662,620000,7,101,7.40E+09,,,,,,
663,630000,7,101,7.46E+09,,,,,,
664,640000,7,101,7.52E+09,,,,,,
665,650000,7,101,7.58E+09,,,,,,
666,660000,7,101,7.65E+09,,,,,,
667,670000,7,101,7.71E+09,,,,,,
668,680000,7,101,7.78E+09,,,,,,
670,700000,7,101,7.91E+09,,,,,,
669,690000,7,101,7.84E+09,,,,,,
671,710000,7,101,7.97E+09,,,,,,
672,720000,7,101,8.04E+09,,,,,,
673,730000,7,101,8.10E+09,,,,,,
674,740000,7,101,8.18E+09,,,,,,
675,750000,7,101,8.24E+09,,,,,,
676,760000,7,101,8.31E+09,,,,,,
677,770000,7,101,8.39E+09,,,,,,
678,780000,7,101,8.46E+09,,,,,,
679,790000,7,101,8.53E+09,,,,,,
680,800000,7,101,8.61E+09,,,,,,
681,810000,7,101,8.68E+09,,,,,,
682,820000,7,101,8.76E+09,,,,,,
683,830000,7,101,8.83E+09,,,,,,
684,840000,7,101,8.90E+09,,,,,,
685,850000,7,101,8.98E+09,,,,,,
686,860000,7,101,9.05E+09,,,,,,
687,870000,7,101,9.13E+09,,,,,,
688,880000,7,101,9.20E+09,,,,,,
689,890000,7,101,9.28E+09,,,,,,
691,910000,7,101,9.44E+09,,,,,,
690,900000,7,101,9.35E+09,,,,,,
692,920000,7,101,9.52E+09,,,,,,
693,930000,7,101,9.60E+09,,,,,,
694,940000,7,101,9.68E+09,,,,,,
695,950000,7,101,9.76E+09,,,,,,
696,960000,7,101,9.84E+09,,,,,,
697,970000,7,101,9.92E+09,,,,,,
698,980000,7,101,1.00E+10,,,,,,
699,990000,7,101,1.01E+10,,,,,,
700,1000000,7,101,1.02E+10,,,,,,
701,10000,8,101,7.47E+09,,,,,,
702,20000,8,101,7.44E+09,,,,,,
703,30000,8,101,7.42E+09,,,,,,
704,40000,8,101,7.41E+09,,,,,,
705,50000,8,101,7.41E+09,,,,,,
706,60000,8,101,7.40E+09,,,,,,
707,70000,8,101,7.40E+09,,,,,,
709,90000,8,101,7.39E+09,,,,,,
708,80000,8,101,7.40E+09,,,,,,
710,100000,8,101,7.39E+09,,,,,,
711,110000,8,101,7.40E+09,,,,,,
713,130000,8,101,7.39E+09,,,,,,
712,120000,8,101,7.40E+09,,,,,,
714,140000,8,101,7.39E+09,,,,,,
715,150000,8,101,7.39E+09,,,,,,
716,160000,8,101,7.39E+09,,,,,,
717,170000,8,101,7.39E+09,,,,,,
718,180000,8,101,7.40E+09,,,,,,
719,190000,8,101,7.40E+09,,,,,,
720,200000,8,101,7.41E+09,,,,,,
721,210000,8,101,7.41E+09,,,,,,
722,220000,8,101,7.41E+09,,,,,,
723,230000,8,101,7.42E+09,,,,,,
725,250000,8,101,7.45E+09,,,,,,
724,240000,8,101,7.44E+09,,,,,,
726,260000,8,101,7.46E+09,,,,,,
727,270000,8,101,7.48E+09,,,,,,
728,280000,8,101,7.49E+09,,,,,,
729,290000,8,101,7.49E+09,,,,,,
730,300000,8,101,7.51E+09,,,,,,
731,310000,8,101,7.53E+09,,,,,,
732,320000,8,101,7.54E+09,,,,,,
733,330000,8,101,7.56E+09,,,,,,
734,340000,8,101,7.58E+09,,,,,,
735,350000,8,101,7.61E+09,,,,,,
736,360000,8,101,7.62E+09,,,,,,
737,370000,8,101,7.64E+09,,,,,,
738,380000,8,101,7.66E+09,,,,,,
739,390000,8,101,7.69E+09,,,,,,
740,400000,8,101,7.71E+09,,,,,,
741,410000,8,101,7.73E+09,,,,,,
742,420000,8,101,7.76E+09,,,,,,
743,430000,8,101,7.79E+09,,,,,,
744,440000,8,101,7.82E+09,,,,,,
745,450000,8,101,7.85E+09,,,,,,
746,460000,8,101,7.88E+09,,,,,,
747,470000,8,101,7.91E+09,,,,,,
748,480000,8,101,7.95E+09,,,,,,
749,490000,8,101,7.98E+09,,,,,,
750,500000,8,101,8.02E+09,,,,,,
751,510000,8,101,8.06E+09,,,,,,
752,520000,8,101,8.09E+09,,,,,,
753,530000,8,101,8.13E+09,,,,,,
754,540000,8,101,8.17E+09,,,,,,
756,560000,8,101,8.25E+09,,,,,,
755,550000,8,101,8.21E+09,,,,,,
757,570000,8,101,8.29E+09,,,,,,
758,580000,8,101,8.33E+09,,,,,,
760,600000,8,101,8.42E+09,,,,,,
759,590000,8,101,8.37E+09,,,,,,
761,610000,8,101,8.46E+09,,,,,,
762,620000,8,101,8.50E+09,,,,,,
764,640000,8,101,8.60E+09,,,,,,
763,630000,8,101,8.55E+09,,,,,,
765,650000,8,101,8.65E+09,,,,,,
766,660000,8,101,8.69E+09,,,,,,
767,670000,8,101,8.74E+09,,,,,,
768,680000,8,101,8.80E+09,,,,,,
769,690000,8,101,8.85E+09,,,,,,
770,700000,8,101,8.90E+09,,,,,,
771,710000,8,101,8.96E+09,,,,,,
772,720000,8,101,9.01E+09,,,,,,
773,730000,8,101,9.07E+09,,,,,,
774,740000,8,101,9.12E+09,,,,,,
775,750000,8,101,9.18E+09,,,,,,
776,760000,8,101,9.24E+09,,,,,,
777,770000,8,101,9.30E+09,,,,,,
778,780000,8,101,9.35E+09,,,,,,
779,790000,8,101,9.41E+09,,,,,,
780,800000,8,101,9.46E+09,,,,,,
781,810000,8,101,9.53E+09,,,,,,
782,820000,8,101,9.59E+09,,,,,,
783,830000,8,101,9.65E+09,,,,,,
784,840000,8,101,9.71E+09,,,,,,
785,850000,8,101,9.78E+09,,,,,,
786,860000,8,101,9.84E+09,,,,,,
787,870000,8,101,9.90E+09,,,,,,
788,880000,8,101,9.97E+09,,,,,,
789,890000,8,101,1.00E+10,,,,,,
790,900000,8,101,1.01E+10,,,,,,
791,910000,8,101,1.02E+10,,,,,,
792,920000,8,101,1.02E+10,,,,,,
793,930000,8,101,1.03E+10,,,,,,
794,940000,8,101,1.04E+10,,,,,,
795,950000,8,101,1.04E+10,,,,,,
796,960000,8,101,1.05E+10,,,,,,
797,970000,8,101,1.06E+10,,,,,,
798,980000,8,101,1.06E+10,,,,,,
799,990000,8,101,1.07E+10,,,,,,
800,1000000,8,101,1.08E+10,,,,,,
801,10000,9,101,9.87E+09,,,,,,
802,20000,9,101,9.86E+09,,,,,,
803,30000,9,101,9.83E+09,,,,,,
804,40000,9,101,9.81E+09,,,,,,
805,50000,9,101,9.78E+09,,,,,,
807,70000,9,101,9.73E+09,,,,,,
806,60000,9,101,9.76E+09,,,,,,
808,80000,9,101,9.71E+09,,,,,,
809,90000,9,101,9.69E+09,,,,,,
810,100000,9,101,9.68E+09,,,,,,
811,110000,9,101,9.66E+09,,,,,,
812,120000,9,101,9.64E+09,,,,,,
813,130000,9,101,9.63E+09,,,,,,
814,140000,9,101,9.63E+09,,,,,,
815,150000,9,101,9.62E+09,,,,,,
816,160000,9,101,9.61E+09,,,,,,
817,170000,9,101,9.60E+09,,,,,,
818,180000,9,101,9.59E+09,,,,,,
819,190000,9,101,9.57E+09,,,,,,
820,200000,9,101,9.56E+09,,,,,,
821,210000,9,101,9.55E+09,,,,,,
822,220000,9,101,9.55E+09,,,,,,
823,230000,9,101,9.54E+09,,,,,,
825,250000,9,101,9.54E+09,,,,,,
824,240000,9,101,9.54E+09,,,,,,
826,260000,9,101,9.54E+09,,,,,,
827,270000,9,101,9.53E+09,,,,,,
828,280000,9,101,9.52E+09,,,,,,
829,290000,9,101,9.53E+09,,,,,,
830,300000,9,101,9.53E+09,,,,,,
831,310000,9,101,9.54E+09,,,,,,
833,330000,9,101,9.54E+09,,,,,,
832,320000,9,101,9.54E+09,,,,,,
834,340000,9,101,9.54E+09,,,,,,
835,350000,9,101,9.55E+09,,,,,,
836,360000,9,101,9.56E+09,,,,,,
837,370000,9,101,9.57E+09,,,,,,
838,380000,9,101,9.58E+09,,,,,,
839,390000,9,101,9.58E+09,,,,,,
841,410000,9,101,9.60E+09,,,,,,
840,400000,9,101,9.59E+09,,,,,,
842,420000,9,101,9.61E+09,,,,,,
843,430000,9,101,9.62E+09,,,,,,
844,440000,9,101,9.63E+09,,,,,,
845,450000,9,101,9.64E+09,,,,,,
847,470000,9,101,9.68E+09,,,,,,
846,460000,9,101,9.66E+09,,,,,,
848,480000,9,101,9.71E+09,,,,,,
849,490000,9,101,9.73E+09,,,,,,
850,500000,9,101,9.74E+09,,,,,,
851,510000,9,101,9.77E+09,,,,,,
852,520000,9,101,9.78E+09,,,,,,
853,530000,9,101,9.80E+09,,,,,,
854,540000,9,101,9.82E+09,,,,,,
855,550000,9,101,9.84E+09,,,,,,
856,560000,9,101,9.88E+09,,,,,,
857,570000,9,101,9.91E+09,,,,,,
858,580000,9,101,9.94E+09,,,,,,
859,590000,9,101,9.97E+09,,,,,,
860,600000,9,101,1.00E+10,,,,,,
861,610000,9,101,1.00E+10,,,,,,
862,620000,9,101,1.01E+10,,,,,,
863,630000,9,101,1.01E+10,,,,,,
864,640000,9,101,1.01E+10,,,,,,
865,650000,9,101,1.02E+10,,,,,,
866,660000,9,101,1.02E+10,,,,,,
867,670000,9,101,1.02E+10,,,,,,
868,680000,9,101,1.03E+10,,,,,,
869,690000,9,101,1.03E+10,,,,,,
870,700000,9,101,1.03E+10,,,,,,
871,710000,9,101,1.04E+10,,,,,,
872,720000,9,101,1.04E+10,,,,,,
873,730000,9,101,1.04E+10,,,,,,
874,740000,9,101,1.05E+10,,,,,,
875,750000,9,101,1.05E+10,,,,,,
876,760000,9,101,1.06E+10,,,,,,
877,770000,9,101,1.06E+10,,,,,,
878,780000,9,101,1.07E+10,,,,,,
879,790000,9,101,1.07E+10,,,,,,
880,800000,9,101,1.07E+10,,,,,,
881,810000,9,101,1.08E+10,,,,,,
882,820000,9,101,1.08E+10,,,,,,
883,830000,9,101,1.09E+10,,,,,,
884,840000,9,101,1.09E+10,,,,,,
885,850000,9,101,1.10E+10,,,,,,
886,860000,9,101,1.10E+10,,,,,,
887,870000,9,101,1.11E+10,,,,,,
888,880000,9,101,1.11E+10,,,,,,
889,890000,9,101,1.12E+10,,,,,,
890,900000,9,101,1.12E+10,,,,,,
891,910000,9,101,1.13E+10,,,,,,
892,920000,9,101,1.13E+10,,,,,,
893,930000,9,101,1.14E+10,,,,,,
894,940000,9,101,1.15E+10,,,,,,
895,950000,9,101,1.15E+10,,,,,,
896,960000,9,101,1.16E+10,,,,,,
897,970000,9,101,1.16E+10,,,,,,
898,980000,9,101,1.17E+10,,,,,,
899,990000,9,101,1.18E+10,,,,,,
900,1000000,9,101,1.18E+10,,,,,,
901,10000,10,101,1.28E+10,,,,,,
903,30000,10,101,1.27E+10,,,,,,
902,20000,10,101,1.28E+10,,,,,,
904,40000,10,101,1.27E+10,,,,,,
905,50000,10,101,1.27E+10,,,,,,
906,60000,10,101,1.26E+10,,,,,,
907,70000,10,101,1.26E+10,,,,,,
908,80000,10,101,1.25E+10,,,,,,
909,90000,10,101,1.25E+10,,,,,,
910,100000,10,101,1.25E+10,,,,,,
911,110000,10,101,1.25E+10,,,,,,
912,120000,10,101,1.24E+10,,,,,,
913,130000,10,101,1.24E+10,,,,,,
914,140000,10,101,1.24E+10,,,,,,
915,150000,10,101,1.23E+10,,,,,,
916,160000,10,101,1.23E+10,,,,,,
917,170000,10,101,1.23E+10,,,,,,
918,180000,10,101,1.22E+10,,,,,,
919,190000,10,101,1.22E+10,,,,,,
920,200000,10,101,1.22E+10,,,,,,
921,210000,10,101,1.22E+10,,,,,,
922,220000,10,101,1.22E+10,,,,,,
923,230000,10,101,1.22E+10,,,,,,
924,240000,10,101,1.21E+10,,,,,,
925,250000,10,101,1.21E+10,,,,,,
926,260000,10,101,1.21E+10,,,,,,
927,270000,10,101,1.21E+10,,,,,,
928,280000,10,101,1.21E+10,,,,,,
929,290000,10,101,1.21E+10,,,,,,
930,300000,10,101,1.21E+10,,,,,,
931,310000,10,101,1.21E+10,,,,,,
932,320000,10,101,1.21E+10,,,,,,
933,330000,10,101,1.20E+10,,,,,,
935,350000,10,101,1.20E+10,,,,,,
934,340000,10,101,1.20E+10,,,,,,
936,360000,10,101,1.20E+10,,,,,,
937,370000,10,101,1.20E+10,,,,,,
938,380000,10,101,1.20E+10,,,,,,
939,390000,10,101,1.20E+10,,,,,,
940,400000,10,101,1.19E+10,,,,,,
941,410000,10,101,1.19E+10,,,,,,
942,420000,10,101,1.19E+10,,,,,,
943,430000,10,101,1.19E+10,,,,,,
944,440000,10,101,1.19E+10,,,,,,
945,450000,10,101,1.19E+10,,,,,,
946,460000,10,101,1.19E+10,,,,,,
947,470000,10,101,1.19E+10,,,,,,
948,480000,10,101,1.19E+10,,,,,,
949,490000,10,101,1.19E+10,,,,,,
950,500000,10,101,1.20E+10,,,,,,
951,510000,10,101,1.20E+10,,,,,,
952,520000,10,101,1.20E+10,,,,,,
953,530000,10,101,1.20E+10,,,,,,
954,540000,10,101,1.20E+10,,,,,,
955,550000,10,101,1.20E+10,,,,,,
956,560000,10,101,1.20E+10,,,,,,
957,570000,10,101,1.20E+10,,,,,,
958,580000,10,101,1.20E+10,,,,,,
959,590000,10,101,1.20E+10,,,,,,
960,600000,10,101,1.21E+10,,,,,,
961,610000,10,101,1.21E+10,,,,,,
962,620000,10,101,1.21E+10,,,,,,
963,630000,10,101,1.21E+10,,,,,,
964,640000,10,101,1.21E+10,,,,,,
965,650000,10,101,1.21E+10,,,,,,
966,660000,10,101,1.21E+10,,,,,,
967,670000,10,101,1.22E+10,,,,,,
968,680000,10,101,1.22E+10,,,,,,
970,700000,10,101,1.22E+10,,,,,,
969,690000,10,101,1.22E+10,,,,,,
971,710000,10,101,1.22E+10,,,,,,
972,720000,10,101,1.23E+10,,,,,,
973,730000,10,101,1.23E+10,,,,,,
974,740000,10,101,1.23E+10,,,,,,
975,750000,10,101,1.23E+10,,,,,,
976,760000,10,101,1.24E+10,,,,,,
977,770000,10,101,1.24E+10,,,,,,
978,780000,10,101,1.24E+10,,,,,,
979,790000,10,101,1.25E+10,,,,,,
980,800000,10,101,1.25E+10,,,,,,
981,810000,10,101,1.25E+10,,,,,,
982,820000,10,101,1.26E+10,,,,,,
983,830000,10,101,1.26E+10,,,,,,
984,840000,10,101,1.26E+10,,,,,,
985,850000,10,101,1.27E+10,,,,,,
986,860000,10,101,1.27E+10,,,,,,
987,870000,10,101,1.27E+10,,,,,,
988,880000,10,101,1.28E+10,,,,,,
989,890000,10,101,1.28E+10,,,,,,
990,900000,10,101,1.28E+10,,,,,,
991,910000,10,101,1.29E+10,,,,,,
992,920000,10,101,1.29E+10,,,,,,
993,930000,10,101,1.29E+10,,,,,,
994,940000,10,101,1.30E+10,,,,,,
995,950000,10,101,1.30E+10,,,,,,
996,960000,10,101,1.31E+10,,,,,,
997,970000,10,101,1.31E+10,,,,,,
998,980000,10,101,1.32E+10,,,,,,
999,990000,10,101,1.32E+10,,,,,,
1000,1000000,10,101,1.33E+10,,,,,,
1001,10000,11,101,1.63E+10,,,,,,
1002,20000,11,101,1.63E+10,,,,,,
1003,30000,11,101,1.62E+10,,,,,,
1004,40000,11,101,1.62E+10,,,,,,
1005,50000,11,101,1.62E+10,,,,,,
1006,60000,11,101,1.61E+10,,,,,,
1007,70000,11,101,1.61E+10,,,,,,
1008,80000,11,101,1.60E+10,,,,,,
1009,90000,11,101,1.60E+10,,,,,,
1010,100000,11,101,1.59E+10,,,,,,
1011,110000,11,101,1.58E+10,,,,,,
1012,120000,11,101,1.58E+10,,,,,,
1013,130000,11,101,1.57E+10,,,,,,
1014,140000,11,101,1.57E+10,,,,,,
1015,150000,11,101,1.57E+10,,,,,,
1016,160000,11,101,1.56E+10,,,,,,
1017,170000,11,101,1.56E+10,,,,,,
1018,180000,11,101,1.56E+10,,,,,,
1019,190000,11,101,1.55E+10,,,,,,
1020,200000,11,101,1.55E+10,,,,,,
1021,210000,11,101,1.54E+10,,,,,,
1022,220000,11,101,1.54E+10,,,,,,
1023,230000,11,101,1.54E+10,,,,,,
1024,240000,11,101,1.53E+10,,,,,,
1025,250000,11,101,1.53E+10,,,,,,
1027,270000,11,101,1.52E+10,,,,,,
1026,260000,11,101,1.53E+10,,,,,,
1028,280000,11,101,1.52E+10,,,,,,
1029,290000,11,101,1.52E+10,,,,,,
1030,300000,11,101,1.51E+10,,,,,,
1031,310000,11,101,1.51E+10,,,,,,
1032,320000,11,101,1.51E+10,,,,,,
1033,330000,11,101,1.51E+10,,,,,,
1034,340000,11,101,1.50E+10,,,,,,
1036,360000,11,101,1.50E+10,,,,,,
1035,350000,11,101,1.50E+10,,,,,,
1037,370000,11,101,1.50E+10,,,,,,
1038,380000,11,101,1.49E+10,,,,,,
1039,390000,11,101,1.49E+10,,,,,,
1040,400000,11,101,1.49E+10,,,,,,
1041,410000,11,101,1.49E+10,,,,,,
1042,420000,11,101,1.49E+10,,,,,,
1043,430000,11,101,1.49E+10,,,,,,
1044,440000,11,101,1.49E+10,,,,,,
1045,450000,11,101,1.48E+10,,,,,,
1046,460000,11,101,1.48E+10,,,,,,
1047,470000,11,101,1.48E+10,,,,,,
1048,480000,11,101,1.48E+10,,,,,,
1049,490000,11,101,1.48E+10,,,,,,
1050,500000,11,101,1.48E+10,,,,,,
1051,510000,11,101,1.48E+10,,,,,,
1052,520000,11,101,1.48E+10,,,,,,
1053,530000,11,101,1.47E+10,,,,,,
1054,540000,11,101,1.47E+10,,,,,,
1055,550000,11,101,1.47E+10,,,,,,
1056,560000,11,101,1.47E+10,,,,,,
1057,570000,11,101,1.47E+10,,,,,,
1058,580000,11,101,1.47E+10,,,,,,
1059,590000,11,101,1.47E+10,,,,,,
1060,600000,11,101,1.47E+10,,,,,,
1061,610000,11,101,1.47E+10,,,,,,
1062,620000,11,101,1.47E+10,,,,,,
1063,630000,11,101,1.47E+10,,,,,,
1064,640000,11,101,1.47E+10,,,,,,
1065,650000,11,101,1.47E+10,,,,,,
1066,660000,11,101,1.47E+10,,,,,,
1067,670000,11,101,1.47E+10,,,,,,
1068,680000,11,101,1.47E+10,,,,,,
1069,690000,11,101,1.47E+10,,,,,,
1070,700000,11,101,1.47E+10,,,,,,
1071,710000,11,101,1.47E+10,,,,,,
1072,720000,11,101,1.47E+10,,,,,,
1073,730000,11,101,1.47E+10,,,,,,
1074,740000,11,101,1.47E+10,,,,,,
1075,750000,11,101,1.47E+10,,,,,,
1076,760000,11,101,1.47E+10,,,,,,
1077,770000,11,101,1.48E+10,,,,,,
1078,780000,11,101,1.48E+10,,,,,,
1079,790000,11,101,1.48E+10,,,,,,
1080,800000,11,101,1.48E+10,,,,,,
1081,810000,11,101,1.48E+10,,,,,,
1082,820000,11,101,1.48E+10,,,,,,
1083,830000,11,101,1.48E+10,,,,,,
1084,840000,11,101,1.48E+10,,,,,,
1086,860000,11,101,1.49E+10,,,,,,
1085,850000,11,101,1.49E+10,,,,,,
1087,870000,11,101,1.49E+10,,,,,,
1088,880000,11,101,1.49E+10,,,,,,
1089,890000,11,101,1.50E+10,,,,,,
1090,900000,11,101,1.50E+10,,,,,,
1091,910000,11,101,1.50E+10,,,,,,
1092,920000,11,101,1.50E+10,,,,,,
1093,930000,11,101,1.51E+10,,,,,,
1094,940000,11,101,1.51E+10,,,,,,
1095,950000,11,101,1.51E+10,,,,,,
1096,960000,11,101,1.51E+10,,,,,,
1097,970000,11,101,1.52E+10,,,,,,
1098,980000,11,101,1.52E+10,,,,,,
1099,990000,11,101,1.52E+10,,,,,,
1101,10000,12,101,2.05E+10,,,,,,
1100,1000000,11,101,1.52E+10,,,,,,
1102,20000,12,101,2.04E+10,,,,,,
1103,30000,12,101,2.04E+10,,,,,,
1104,40000,12,101,2.03E+10,,,,,,
1106,60000,12,101,2.02E+10,,,,,,
1105,50000,12,101,2.02E+10,,,,,,
1108,80000,12,101,2.01E+10,,,,,,
1107,70000,12,101,2.01E+10,,,,,,
1109,90000,12,101,2.00E+10,,,,,,
1110,100000,12,101,2.00E+10,,,,,,
1112,120000,12,101,1.98E+10,,,,,,
1111,110000,12,101,1.99E+10,,,,,,
1113,130000,12,101,1.98E+10,,,,,,
1114,140000,12,101,1.97E+10,,,,,,
1115,150000,12,101,1.97E+10,,,,,,
1116,160000,12,101,1.96E+10,,,,,,
1117,170000,12,101,1.96E+10,,,,,,
1118,180000,12,101,1.95E+10,,,,,,
1120,200000,12,101,1.94E+10,,,,,,
1119,190000,12,101,1.95E+10,,,,,,
1121,210000,12,101,1.94E+10,,,,,,
1122,220000,12,101,1.93E+10,,,,,,
1123,230000,12,101,1.93E+10,,,,,,
1124,240000,12,101,1.93E+10,,,,,,
1125,250000,12,101,1.92E+10,,,,,,
1126,260000,12,101,1.91E+10,,,,,,
1127,270000,12,101,1.91E+10,,,,,,
1128,280000,12,101,1.91E+10,,,,,,
1129,290000,12,101,1.90E+10,,,,,,
1130,300000,12,101,1.89E+10,,,,,,
1131,310000,12,101,1.89E+10,,,,,,
1132,320000,12,101,1.89E+10,,,,,,
1133,330000,12,101,1.88E+10,,,,,,
1134,340000,12,101,1.87E+10,,,,,,
1135,350000,12,101,1.87E+10,,,,,,
1136,360000,12,101,1.87E+10,,,,,,
1137,370000,12,101,1.86E+10,,,,,,
1138,380000,12,101,1.86E+10,,,,,,
1139,390000,12,101,1.85E+10,,,,,,
1140,400000,12,101,1.85E+10,,,,,,
1141,410000,12,101,1.85E+10,,,,,,
1142,420000,12,101,1.85E+10,,,,,,
1143,430000,12,101,1.84E+10,,,,,,
1144,440000,12,101,1.84E+10,,,,,,
1145,450000,12,101,1.83E+10,,,,,,
1146,460000,12,101,1.83E+10,,,,,,
1147,470000,12,101,1.83E+10,,,,,,
1148,480000,12,101,1.82E+10,,,,,,
1149,490000,12,101,1.82E+10,,,,,,
1150,500000,12,101,1.82E+10,,,,,,
1151,510000,12,101,1.81E+10,,,,,,
1152,520000,12,101,1.81E+10,,,,,,
1153,530000,12,101,1.81E+10,,,,,,
1154,540000,12,101,1.81E+10,,,,,,
1155,550000,12,101,1.80E+10,,,,,,
1156,560000,12,101,1.80E+10,,,,,,
1157,570000,12,101,1.80E+10,,,,,,
1158,580000,12,101,1.80E+10,,,,,,
1159,590000,12,101,1.79E+10,,,,,,
1160,600000,12,101,1.79E+10,,,,,,
1161,610000,12,101,1.79E+10,,,,,,
1162,620000,12,101,1.79E+10,,,,,,
1163,630000,12,101,1.79E+10,,,,,,
1164,640000,12,101,1.79E+10,,,,,,
1165,650000,12,101,1.78E+10,,,,,,
1166,660000,12,101,1.78E+10,,,,,,
1167,670000,12,101,1.78E+10,,,,,,
1168,680000,12,101,1.78E+10,,,,,,
1169,690000,12,101,1.78E+10,,,,,,
1170,700000,12,101,1.78E+10,,,,,,
1171,710000,12,101,1.78E+10,,,,,,
1172,720000,12,101,1.77E+10,,,,,,
1173,730000,12,101,1.77E+10,,,,,,
1175,750000,12,101,1.77E+10,,,,,,
1174,740000,12,101,1.77E+10,,,,,,
1176,760000,12,101,1.77E+10,,,,,,
1177,770000,12,101,1.77E+10,,,,,,
1178,780000,12,101,1.77E+10,,,,,,
1179,790000,12,101,1.77E+10,,,,,,
1180,800000,12,101,1.77E+10,,,,,,
1181,810000,12,101,1.77E+10,,,,,,
1182,820000,12,101,1.77E+10,,,,,,
1183,830000,12,101,1.77E+10,,,,,,
1184,840000,12,101,1.77E+10,,,,,,
1185,850000,12,101,1.77E+10,,,,,,
1186,860000,12,101,1.77E+10,,,,,,
1187,870000,12,101,1.77E+10,,,,,,
1188,880000,12,101,1.77E+10,,,,,,
1190,900000,12,101,1.78E+10,,,,,,
1189,890000,12,101,1.78E+10,,,,,,
1191,910000,12,101,1.77E+10,,,,,,
1192,920000,12,101,1.78E+10,,,,,,
1193,930000,12,101,1.78E+10,,,,,,
1194,940000,12,101,1.78E+10,,,,,,
1195,950000,12,101,1.78E+10,,,,,,
1196,960000,12,101,1.78E+10,,,,,,
1197,970000,12,101,1.78E+10,,,,,,
1198,980000,12,101,1.78E+10,,,,,,
1199,990000,12,101,1.78E+10,,,,,,
1200,1000000,12,101,1.78E+10,,,,,,
1201,10000,13,101,2.56E+10,,,,,,
1202,20000,13,101,2.55E+10,,,,,,
1203,30000,13,101,2.54E+10,,,,,,
1204,40000,13,101,2.53E+10,,,,,,
1205,50000,13,101,2.52E+10,,,,,,
1206,60000,13,101,2.51E+10,,,,,,
1207,70000,13,101,2.50E+10,,,,,,
1208,80000,13,101,2.49E+10,,,,,,
1209,90000,13,101,2.49E+10,,,,,,
1210,100000,13,101,2.48E+10,,,,,,
1211,110000,13,101,2.47E+10,,,,,,
1212,120000,13,101,2.46E+10,,,,,,
1213,130000,13,101,2.46E+10,,,,,,
1214,140000,13,101,2.45E+10,,,,,,
1215,150000,13,101,2.44E+10,,,,,,
1216,160000,13,101,2.43E+10,,,,,,
1218,180000,13,101,2.42E+10,,,,,,
1217,170000,13,101,2.43E+10,,,,,,
1219,190000,13,101,2.41E+10,,,,,,
1220,200000,13,101,2.41E+10,,,,,,
1221,210000,13,101,2.40E+10,,,,,,
1222,220000,13,101,2.39E+10,,,,,,
1223,230000,13,101,2.39E+10,,,,,,
1224,240000,13,101,2.38E+10,,,,,,
1225,250000,13,101,2.37E+10,,,,,,
1226,260000,13,101,2.37E+10,,,,,,
1227,270000,13,101,2.36E+10,,,,,,
1228,280000,13,101,2.35E+10,,,,,,
1230,300000,13,101,2.34E+10,,,,,,
1229,290000,13,101,2.35E+10,,,,,,
1231,310000,13,101,2.33E+10,,,,,,
1232,320000,13,101,2.33E+10,,,,,,
1234,340000,13,101,2.32E+10,,,,,,
1233,330000,13,101,2.32E+10,,,,,,
1235,350000,13,101,2.31E+10,,,,,,
1236,360000,13,101,2.31E+10,,,,,,
1238,380000,13,101,2.29E+10,,,,,,
1237,370000,13,101,2.30E+10,,,,,,
1239,390000,13,101,2.29E+10,,,,,,
1240,400000,13,101,2.28E+10,,,,,,
1242,420000,13,101,2.27E+10,,,,,,
1241,410000,13,101,2.28E+10,,,,,,
1243,430000,13,101,2.27E+10,,,,,,
1244,440000,13,101,2.27E+10,,,,,,
1245,450000,13,101,2.26E+10,,,,,,
1246,460000,13,101,2.25E+10,,,,,,
1247,470000,13,101,2.25E+10,,,,,,
1248,480000,13,101,2.25E+10,,,,,,
1249,490000,13,101,2.24E+10,,,,,,
1250,500000,13,101,2.24E+10,,,,,,
1251,510000,13,101,2.23E+10,,,,,,
1252,520000,13,101,2.23E+10,,,,,,
1253,530000,13,101,2.22E+10,,,,,,
1254,540000,13,101,2.22E+10,,,,,,
1255,550000,13,101,2.21E+10,,,,,,
1256,560000,13,101,2.21E+10,,,,,,
1257,570000,13,101,2.20E+10,,,,,,
1258,580000,13,101,2.20E+10,,,,,,
1259,590000,13,101,2.19E+10,,,,,,
1260,600000,13,101,2.19E+10,,,,,,
1261,610000,13,101,2.18E+10,,,,,,
1262,620000,13,101,2.18E+10,,,,,,
1263,630000,13,101,2.18E+10,,,,,,
1264,640000,13,101,2.17E+10,,,,,,
1265,650000,13,101,2.17E+10,,,,,,
1266,660000,13,101,2.17E+10,,,,,,
1267,670000,13,101,2.16E+10,,,,,,
1268,680000,13,101,2.16E+10,,,,,,
1269,690000,13,101,2.16E+10,,,,,,
1270,700000,13,101,2.15E+10,,,,,,
1271,710000,13,101,2.15E+10,,,,,,
1272,720000,13,101,2.15E+10,,,,,,
1273,730000,13,101,2.15E+10,,,,,,
1274,740000,13,101,2.15E+10,,,,,,
1275,750000,13,101,2.14E+10,,,,,,
1276,760000,13,101,2.14E+10,,,,,,
1277,770000,13,101,2.14E+10,,,,,,
1278,780000,13,101,2.14E+10,,,,,,
1280,800000,13,101,2.13E+10,,,,,,
1279,790000,13,101,2.14E+10,,,,,,
1281,810000,13,101,2.13E+10,,,,,,
1282,820000,13,101,2.13E+10,,,,,,
1283,830000,13,101,2.13E+10,,,,,,
1284,840000,13,101,2.12E+10,,,,,,
1285,850000,13,101,2.12E+10,,,,,,
1286,860000,13,101,2.12E+10,,,,,,
1287,870000,13,101,2.12E+10,,,,,,
1288,880000,13,101,2.12E+10,,,,,,
1289,890000,13,101,2.12E+10,,,,,,
1290,900000,13,101,2.12E+10,,,,,,
1292,920000,13,101,2.11E+10,,,,,,
1291,910000,13,101,2.11E+10,,,,,,
1293,930000,13,101,2.11E+10,,,,,,
1294,940000,13,101,2.11E+10,,,,,,
1295,950000,13,101,2.11E+10,,,,,,
1296,960000,13,101,2.11E+10,,,,,,
1297,970000,13,101,2.11E+10,,,,,,
1298,980000,13,101,2.11E+10,,,,,,
1300,1000000,13,101,2.11E+10,,,,,,
1299,990000,13,101,2.11E+10,,,,,,
1301,10000,14,101,3.14E+10,,,,,,
1302,20000,14,101,3.13E+10,,,,,,
1303,30000,14,101,3.12E+10,,,,,,
1304,40000,14,101,3.11E+10,,,,,,
1306,60000,14,101,3.09E+10,,,,,,
1305,50000,14,101,3.10E+10,,,,,,
1307,70000,14,101,3.08E+10,,,,,,
1308,80000,14,101,3.07E+10,,,,,,
1309,90000,14,101,3.06E+10,,,,,,
1310,100000,14,101,3.05E+10,,,,,,
1311,110000,14,101,3.04E+10,,,,,,
1312,120000,14,101,3.03E+10,,,,,,
1313,130000,14,101,3.03E+10,,,,,,
1314,140000,14,101,3.02E+10,,,,,,
1315,150000,14,101,3.01E+10,,,,,,
1316,160000,14,101,3.00E+10,,,,,,
1317,170000,14,101,2.99E+10,,,,,,
1318,180000,14,101,2.99E+10,,,,,,
1319,190000,14,101,2.98E+10,,,,,,
1320,200000,14,101,2.97E+10,,,,,,
1321,210000,14,101,2.96E+10,,,,,,
1322,220000,14,101,2.95E+10,,,,,,
1323,230000,14,101,2.94E+10,,,,,,
1324,240000,14,101,2.93E+10,,,,,,
1325,250000,14,101,2.92E+10,,,,,,
1326,260000,14,101,2.91E+10,,,,,,
1327,270000,14,101,2.90E+10,,,,,,
1328,280000,14,101,2.89E+10,,,,,,
1329,290000,14,101,2.88E+10,,,,,,
1330,300000,14,101,2.88E+10,,,,,,
1331,310000,14,101,2.87E+10,,,,,,
1332,320000,14,101,2.86E+10,,,,,,
1333,330000,14,101,2.85E+10,,,,,,
1334,340000,14,101,2.84E+10,,,,,,
1335,350000,14,101,2.83E+10,,,,,,
1336,360000,14,101,2.83E+10,,,,,,
1337,370000,14,101,2.82E+10,,,,,,
1338,380000,14,101,2.81E+10,,,,,,
1339,390000,14,101,2.81E+10,,,,,,
1340,400000,14,101,2.80E+10,,,,,,
1341,410000,14,101,2.79E+10,,,,,,
1342,420000,14,101,2.78E+10,,,,,,
1343,430000,14,101,2.77E+10,,,,,,
1344,440000,14,101,2.76E+10,,,,,,
1345,450000,14,101,2.76E+10,,,,,,
1346,460000,14,101,2.75E+10,,,,,,
1347,470000,14,101,2.74E+10,,,,,,
1348,480000,14,101,2.74E+10,,,,,,
1349,490000,14,101,2.73E+10,,,,,,
1350,500000,14,101,2.72E+10,,,,,,
1351,510000,14,101,2.72E+10,,,,,,
1352,520000,14,101,2.71E+10,,,,,,
1354,540000,14,101,2.70E+10,,,,,,
1353,530000,14,101,2.70E+10,,,,,,
1355,550000,14,101,2.69E+10,,,,,,
1356,560000,14,101,2.69E+10,,,,,,
1358,580000,14,101,2.68E+10,,,,,,
1357,570000,14,101,2.68E+10,,,,,,
1359,590000,14,101,2.67E+10,,,,,,
1360,600000,14,101,2.66E+10,,,,,,
1361,610000,14,101,2.66E+10,,,,,,
1362,620000,14,101,2.65E+10,,,,,,
1363,630000,14,101,2.65E+10,,,,,,
1364,640000,14,101,2.65E+10,,,,,,
1365,650000,14,101,2.64E+10,,,,,,
1366,660000,14,101,2.64E+10,,,,,,
1367,670000,14,101,2.63E+10,,,,,,
1368,680000,14,101,2.62E+10,,,,,,
1370,700000,14,101,2.61E+10,,,,,,
1369,690000,14,101,2.62E+10,,,,,,
1371,710000,14,101,2.61E+10,,,,,,
1372,720000,14,101,2.61E+10,,,,,,
1374,740000,14,101,2.59E+10,,,,,,
1373,730000,14,101,2.60E+10,,,,,,
1375,750000,14,101,2.59E+10,,,,,,
1376,760000,14,101,2.59E+10,,,,,,
1377,770000,14,101,2.58E+10,,,,,,
1378,780000,14,101,2.58E+10,,,,,,
1379,790000,14,101,2.57E+10,,,,,,
1380,800000,14,101,2.57E+10,,,,,,
1382,820000,14,101,2.56E+10,,,,,,
1381,810000,14,101,2.57E+10,,,,,,
1383,830000,14,101,2.56E+10,,,,,,
1384,840000,14,101,2.55E+10,,,,,,
1385,850000,14,101,2.55E+10,,,,,,
1386,860000,14,101,2.55E+10,,,,,,
1387,870000,14,101,2.55E+10,,,,,,
1388,880000,14,101,2.54E+10,,,,,,
1389,890000,14,101,2.54E+10,,,,,,
1390,900000,14,101,2.54E+10,,,,,,
1391,910000,14,101,2.53E+10,,,,,,
1392,920000,14,101,2.53E+10,,,,,,
1393,930000,14,101,2.53E+10,,,,,,
1394,940000,14,101,2.53E+10,,,,,,
1395,950000,14,101,2.52E+10,,,,,,
1396,960000,14,101,2.52E+10,,,,,,
1397,970000,14,101,2.52E+10,,,,,,
1398,980000,14,101,2.52E+10,,,,,,
1399,990000,14,101,2.51E+10,,,,,,
1400,1000000,14,101,2.51E+10,,,,,,
1401,10000,15,101,3.81E+10,,,,,,
1402,20000,15,101,3.79E+10,,,,,,
1403,30000,15,101,3.79E+10,,,,,,
1404,40000,15,101,3.78E+10,,,,,,
1405,50000,15,101,3.76E+10,,,,,,
1406,60000,15,101,3.76E+10,,,,,,
1407,70000,15,101,3.75E+10,,,,,,
1408,80000,15,101,3.74E+10,,,,,,
1409,90000,15,101,3.73E+10,,,,,,
1410,100000,15,101,3.72E+10,,,,,,
1411,110000,15,101,3.71E+10,,,,,,
1412,120000,15,101,3.69E+10,,,,,,
1413,130000,15,101,3.69E+10,,,,,,
1414,140000,15,101,3.68E+10,,,,,,
1415,150000,15,101,3.67E+10,,,,,,
1416,160000,15,101,3.65E+10,,,,,,
1417,170000,15,101,3.64E+10,,,,,,
1418,180000,15,101,3.63E+10,,,,,,
1419,190000,15,101,3.62E+10,,,,,,
1420,200000,15,101,3.61E+10,,,,,,
1421,210000,15,101,3.60E+10,,,,,,
1422,220000,15,101,3.59E+10,,,,,,
1423,230000,15,101,3.58E+10,,,,,,
1424,240000,15,101,3.57E+10,,,,,,
1425,250000,15,101,3.56E+10,,,,,,
1426,260000,15,101,3.55E+10,,,,,,
1427,270000,15,101,3.54E+10,,,,,,
1428,280000,15,101,3.53E+10,,,,,,
1429,290000,15,101,3.52E+10,,,,,,
1430,300000,15,101,3.51E+10,,,,,,
1431,310000,15,101,3.50E+10,,,,,,
1432,320000,15,101,3.49E+10,,,,,,
1433,330000,15,101,3.47E+10,,,,,,
1434,340000,15,101,3.46E+10,,,,,,
1435,350000,15,101,3.45E+10,,,,,,
1436,360000,15,101,3.43E+10,,,,,,
1438,380000,15,101,3.41E+10,,,,,,
1437,370000,15,101,3.43E+10,,,,,,
1439,390000,15,101,3.40E+10,,,,,,
1440,400000,15,101,3.40E+10,,,,,,
1442,420000,15,101,3.37E+10,,,,,,
1441,410000,15,101,3.38E+10,,,,,,
1444,440000,15,101,3.35E+10,,,,,,
1443,430000,15,101,3.36E+10,,,,,,
1445,450000,15,101,3.34E+10,,,,,,
1446,460000,15,101,3.34E+10,,,,,,
1447,470000,15,101,3.33E+10,,,,,,
1448,480000,15,101,3.33E+10,,,,,,
1450,500000,15,101,3.30E+10,,,,,,
1449,490000,15,101,3.32E+10,,,,,,
1452,520000,15,101,3.29E+10,,,,,,
1451,510000,15,101,3.30E+10,,,,,,
1453,530000,15,101,3.28E+10,,,,,,
1454,540000,15,101,3.28E+10,,,,,,
1455,550000,15,101,3.26E+10,,,,,,
1456,560000,15,101,3.26E+10,,,,,,
1457,570000,15,101,3.25E+10,,,,,,
1458,580000,15,101,3.24E+10,,,,,,
1459,590000,15,101,3.23E+10,,,,,,
1460,600000,15,101,3.23E+10,,,,,,
1461,610000,15,101,3.22E+10,,,,,,
1462,620000,15,101,3.21E+10,,,,,,
1463,630000,15,101,3.21E+10,,,,,,
1464,640000,15,101,3.20E+10,,,,,,
1466,660000,15,101,3.19E+10,,,,,,
1465,650000,15,101,3.19E+10,,,,,,
1467,670000,15,101,3.18E+10,,,,,,
1468,680000,15,101,3.17E+10,,,,,,
1469,690000,15,101,3.16E+10,,,,,,
1470,700000,15,101,3.16E+10,,,,,,
1471,710000,15,101,3.15E+10,,,,,,
1472,720000,15,101,3.15E+10,,,,,,
1474,740000,15,101,3.14E+10,,,,,,
1473,730000,15,101,3.14E+10,,,,,,
1475,750000,15,101,3.13E+10,,,,,,
1476,760000,15,101,3.13E+10,,,,,,
1477,770000,15,101,3.11E+10,,,,,,
1478,780000,15,101,3.11E+10,,,,,,
1479,790000,15,101,3.10E+10,,,,,,
1480,800000,15,101,3.10E+10,,,,,,
1481,810000,15,101,3.09E+10,,,,,,
1482,820000,15,101,3.09E+10,,,,,,
1483,830000,15,101,3.08E+10,,,,,,
1484,840000,15,101,3.08E+10,,,,,,
1486,860000,15,101,3.07E+10,,,,,,
1485,850000,15,101,3.07E+10,,,,,,
1487,870000,15,101,3.06E+10,,,,,,
1488,880000,15,101,3.05E+10,,,,,,
1489,890000,15,101,3.05E+10,,,,,,
1490,900000,15,101,3.04E+10,,,,,,
1491,910000,15,101,3.04E+10,,,,,,
1492,920000,15,101,3.03E+10,,,,,,
1493,930000,15,101,3.03E+10,,,,,,
1494,940000,15,101,3.02E+10,,,,,,
1495,950000,15,101,3.02E+10,,,,,,
1496,960000,15,101,3.01E+10,,,,,,
1497,970000,15,101,3.01E+10,,,,,,
1498,980000,15,101,3.01E+10,,,,,,
1499,990000,15,101,3.00E+10,,,,,,
1501,10000,16,101,4.61E+10,,,,,,
1500,1000000,15,101,3.00E+10,,,,,,
1502,20000,16,101,4.59E+10,,,,,,
1503,30000,16,101,4.58E+10,,,,,,
1504,40000,16,101,4.56E+10,,,,,,
1506,60000,16,101,4.54E+10,,,,,,
1505,50000,16,101,4.55E+10,,,,,,
1508,80000,16,101,4.50E+10,,,,,,
1509,90000,16,101,4.49E+10,,,,,,
1507,70000,16,101,4.52E+10,,,,,,
1510,100000,16,101,4.48E+10,,,,,,
1511,110000,16,101,4.46E+10,,,,,,
1512,120000,16,101,4.44E+10,,,,,,
1513,130000,16,101,4.43E+10,,,,,,
1514,140000,16,101,4.42E+10,,,,,,
1515,150000,16,101,4.41E+10,,,,,,
1516,160000,16,101,4.39E+10,,,,,,
1517,170000,16,101,4.38E+10,,,,,,
1518,180000,16,101,4.37E+10,,,,,,
1519,190000,16,101,4.36E+10,,,,,,
1520,200000,16,101,4.35E+10,,,,,,
1521,210000,16,101,4.34E+10,,,,,,
1522,220000,16,101,4.32E+10,,,,,,
1523,230000,16,101,4.31E+10,,,,,,
1524,240000,16,101,4.29E+10,,,,,,
1525,250000,16,101,4.28E+10,,,,,,
1526,260000,16,101,4.27E+10,,,,,,
1527,270000,16,101,4.27E+10,,,,,,
1528,280000,16,101,4.26E+10,,,,,,
1529,290000,16,101,4.24E+10,,,,,,
1530,300000,16,101,4.23E+10,,,,,,
1531,310000,16,101,4.21E+10,,,,,,
1532,320000,16,101,4.20E+10,,,,,,
1533,330000,16,101,4.19E+10,,,,,,
1534,340000,16,101,4.18E+10,,,,,,
1535,350000,16,101,4.16E+10,,,,,,
1536,360000,16,101,4.15E+10,,,,,,
1537,370000,16,101,4.14E+10,,,,,,
1538,380000,16,101,4.12E+10,,,,,,
1539,390000,16,101,4.11E+10,,,,,,
1540,400000,16,101,4.10E+10,,,,,,
1541,410000,16,101,4.09E+10,,,,,,
1542,420000,16,101,4.08E+10,,,,,,
1543,430000,16,101,4.07E+10,,,,,,
1544,440000,16,101,4.06E+10,,,,,,
1545,450000,16,101,4.04E+10,,,,,,
1546,460000,16,101,4.03E+10,,,,,,
1547,470000,16,101,4.02E+10,,,,,,
1548,480000,16,101,4.01E+10,,,,,,
1549,490000,16,101,4.00E+10,,,,,,
1550,500000,16,101,3.99E+10,,,,,,
1551,510000,16,101,3.98E+10,,,,,,
1552,520000,16,101,3.97E+10,,,,,,
1553,530000,16,101,3.96E+10,,,,,,
1554,540000,16,101,3.94E+10,,,,,,
1555,550000,16,101,3.94E+10,,,,,,
1556,560000,16,101,3.92E+10,,,,,,
1557,570000,16,101,3.92E+10,,,,,,
1558,580000,16,101,3.91E+10,,,,,,
1559,590000,16,101,3.90E+10,,,,,,
1560,600000,16,101,3.89E+10,,,,,,
1561,610000,16,101,3.88E+10,,,,,,
1562,620000,16,101,3.87E+10,,,,,,
1563,630000,16,101,3.86E+10,,,,,,
1564,640000,16,101,3.85E+10,,,,,,
1565,650000,16,101,3.84E+10,,,,,,
1566,660000,16,101,3.84E+10,,,,,,
1567,670000,16,101,3.83E+10,,,,,,
1568,680000,16,101,3.82E+10,,,,,,
1569,690000,16,101,3.81E+10,,,,,,
1570,700000,16,101,3.80E+10,,,,,,
1571,710000,16,101,3.80E+10,,,,,,
1572,720000,16,101,3.79E+10,,,,,,
1573,730000,16,101,3.78E+10,,,,,,
1574,740000,16,101,3.77E+10,,,,,,
1575,750000,16,101,3.76E+10,,,,,,
1576,760000,16,101,3.75E+10,,,,,,
1577,770000,16,101,3.74E+10,,,,,,
1578,780000,16,101,3.73E+10,,,,,,
1579,790000,16,101,3.73E+10,,,,,,
1580,800000,16,101,3.72E+10,,,,,,
1581,810000,16,101,3.70E+10,,,,,,
1582,820000,16,101,3.69E+10,,,,,,
1583,830000,16,101,3.69E+10,,,,,,
1584,840000,16,101,3.68E+10,,,,,,
1585,850000,16,101,3.67E+10,,,,,,
1586,860000,16,101,3.66E+10,,,,,,
1587,870000,16,101,3.66E+10,,,,,,
1588,880000,16,101,3.65E+10,,,,,,
1589,890000,16,101,3.64E+10,,,,,,
1590,900000,16,101,3.64E+10,,,,,,
1591,910000,16,101,3.63E+10,,,,,,
1592,920000,16,101,3.62E+10,,,,,,
1593,930000,16,101,3.62E+10,,,,,,
1594,940000,16,101,3.61E+10,,,,,,
1595,950000,16,101,3.61E+10,,,,,,
1596,960000,16,101,3.60E+10,,,,,,
1597,970000,16,101,3.59E+10,,,,,,
1598,980000,16,101,3.59E+10,,,,,,
1599,990000,16,101,3.59E+10,,,,,,
1600,1000000,16,101,3.58E+10,,,,,,
1601,10000,17,101,5.51E+10,,,,,,
1602,20000,17,101,5.50E+10,,,,,,
1603,30000,17,101,5.48E+10,,,,,,
1604,40000,17,101,5.47E+10,,,,,,
1605,50000,17,101,5.45E+10,,,,,,
1606,60000,17,101,5.43E+10,,,,,,
1607,70000,17,101,5.40E+10,,,,,,
1608,80000,17,101,5.39E+10,,,,,,
1609,90000,17,101,5.38E+10,,,,,,
1610,100000,17,101,5.36E+10,,,,,,
1611,110000,17,101,5.35E+10,,,,,,
1612,120000,17,101,5.34E+10,,,,,,
1613,130000,17,101,5.32E+10,,,,,,
1614,140000,17,101,5.30E+10,,,,,,
1615,150000,17,101,5.28E+10,,,,,,
1616,160000,17,101,5.26E+10,,,,,,
1618,180000,17,101,5.23E+10,,,,,,
1617,170000,17,101,5.25E+10,,,,,,
1619,190000,17,101,5.21E+10,,,,,,
1620,200000,17,101,5.19E+10,,,,,,
1622,220000,17,101,5.16E+10,,,,,,
1621,210000,17,101,5.17E+10,,,,,,
1623,230000,17,101,5.14E+10,,,,,,
1624,240000,17,101,5.12E+10,,,,,,
1625,250000,17,101,5.11E+10,,,,,,
1626,260000,17,101,5.10E+10,,,,,,
1627,270000,17,101,5.08E+10,,,,,,
1628,280000,17,101,5.07E+10,,,,,,
1629,290000,17,101,5.06E+10,,,,,,
1630,300000,17,101,5.04E+10,,,,,,
1631,310000,17,101,5.03E+10,,,,,,
1632,320000,17,101,5.02E+10,,,,,,
1633,330000,17,101,5.01E+10,,,,,,
1634,340000,17,101,4.99E+10,,,,,,
1635,350000,17,101,4.98E+10,,,,,,
1636,360000,17,101,4.96E+10,,,,,,
1637,370000,17,101,4.95E+10,,,,,,
1638,380000,17,101,4.94E+10,,,,,,
1639,390000,17,101,4.92E+10,,,,,,
1640,400000,17,101,4.91E+10,,,,,,
1642,420000,17,101,4.89E+10,,,,,,
1641,410000,17,101,4.90E+10,,,,,,
1643,430000,17,101,4.87E+10,,,,,,
1644,440000,17,101,4.86E+10,,,,,,
1645,450000,17,101,4.84E+10,,,,,,
1646,460000,17,101,4.83E+10,,,,,,
1647,470000,17,101,4.82E+10,,,,,,
1648,480000,17,101,4.80E+10,,,,,,
1649,490000,17,101,4.79E+10,,,,,,
1650,500000,17,101,4.77E+10,,,,,,
1651,510000,17,101,4.76E+10,,,,,,
1652,520000,17,101,4.75E+10,,,,,,
1653,530000,17,101,4.74E+10,,,,,,
1654,540000,17,101,4.72E+10,,,,,,
1655,550000,17,101,4.71E+10,,,,,,
1656,560000,17,101,4.70E+10,,,,,,
1657,570000,17,101,4.69E+10,,,,,,
1658,580000,17,101,4.68E+10,,,,,,
1659,590000,17,101,4.67E+10,,,,,,
1660,600000,17,101,4.66E+10,,,,,,
1661,610000,17,101,4.65E+10,,,,,,
1662,620000,17,101,4.64E+10,,,,,,
1663,630000,17,101,4.62E+10,,,,,,
1664,640000,17,101,4.61E+10,,,,,,
1665,650000,17,101,4.61E+10,,,,,,
1666,660000,17,101,4.59E+10,,,,,,
1667,670000,17,101,4.59E+10,,,,,,
1668,680000,17,101,4.58E+10,,,,,,
1669,690000,17,101,4.57E+10,,,,,,
1670,700000,17,101,4.56E+10,,,,,,
1671,710000,17,101,4.55E+10,,,,,,
1672,720000,17,101,4.53E+10,,,,,,
1673,730000,17,101,4.53E+10,,,,,,
1674,740000,17,101,4.52E+10,,,,,,
1676,760000,17,101,4.49E+10,,,,,,
1675,750000,17,101,4.50E+10,,,,,,
1677,770000,17,101,4.48E+10,,,,,,
1678,780000,17,101,4.47E+10,,,,,,
1679,790000,17,101,4.47E+10,,,,,,
1680,800000,17,101,4.46E+10,,,,,,
1681,810000,17,101,4.45E+10,,,,,,
1682,820000,17,101,4.43E+10,,,,,,
1683,830000,17,101,4.42E+10,,,,,,
1684,840000,17,101,4.41E+10,,,,,,
1685,850000,17,101,4.40E+10,,,,,,
1686,860000,17,101,4.39E+10,,,,,,
1687,870000,17,101,4.37E+10,,,,,,
1688,880000,17,101,4.36E+10,,,,,,
1689,890000,17,101,4.34E+10,,,,,,
1690,900000,17,101,4.34E+10,,,,,,
1691,910000,17,101,4.33E+10,,,,,,
1692,920000,17,101,4.32E+10,,,,,,
1693,930000,17,101,4.31E+10,,,,,,
1694,940000,17,101,4.30E+10,,,,,,
1695,950000,17,101,4.30E+10,,,,,,
1696,960000,17,101,4.29E+10,,,,,,
1697,970000,17,101,4.28E+10,,,,,,
1698,980000,17,101,4.27E+10,,,,,,
1699,990000,17,101,4.27E+10,,,,,,
1700,1000000,17,101,4.25E+10,,,,,,
1701,10000,18,101,6.53E+10,,,,,,
1702,20000,18,101,6.52E+10,,,,,,
1703,30000,18,101,6.50E+10,,,,,,
1704,40000,18,101,6.48E+10,,,,,,
1705,50000,18,101,6.46E+10,,,,,,
1707,70000,18,101,6.43E+10,,,,,,
1706,60000,18,101,6.44E+10,,,,,,
1708,80000,18,101,6.41E+10,,,,,,
1710,100000,18,101,6.36E+10,,,,,,
1709,90000,18,101,6.39E+10,,,,,,
1712,120000,18,101,6.33E+10,,,,,,
1711,110000,18,101,6.34E+10,,,,,,
1713,130000,18,101,6.30E+10,,,,,,
1714,140000,18,101,6.28E+10,,,,,,
1715,150000,18,101,6.26E+10,,,,,,
1716,160000,18,101,6.25E+10,,,,,,
1717,170000,18,101,6.23E+10,,,,,,
1718,180000,18,101,6.21E+10,,,,,,
1719,190000,18,101,6.19E+10,,,,,,
1720,200000,18,101,6.17E+10,,,,,,
1721,210000,18,101,6.15E+10,,,,,,
1722,220000,18,101,6.14E+10,,,,,,
1723,230000,18,101,6.12E+10,,,,,,
1724,240000,18,101,6.09E+10,,,,,,
1725,250000,18,101,6.07E+10,,,,,,
1726,260000,18,101,6.06E+10,,,,,,
1727,270000,18,101,6.05E+10,,,,,,
1728,280000,18,101,6.03E+10,,,,,,
1729,290000,18,101,6.01E+10,,,,,,
1730,300000,18,101,5.99E+10,,,,,,
1731,310000,18,101,5.98E+10,,,,,,
1732,320000,18,101,5.95E+10,,,,,,
1733,330000,18,101,5.94E+10,,,,,,
1734,340000,18,101,5.92E+10,,,,,,
1735,350000,18,101,5.90E+10,,,,,,
1736,360000,18,101,5.89E+10,,,,,,
1737,370000,18,101,5.88E+10,,,,,,
1738,380000,18,101,5.86E+10,,,,,,
1739,390000,18,101,5.85E+10,,,,,,
1740,400000,18,101,5.84E+10,,,,,,
1741,410000,18,101,5.82E+10,,,,,,
1742,420000,18,101,5.80E+10,,,,,,
1743,430000,18,101,5.79E+10,,,,,,
1744,440000,18,101,5.77E+10,,,,,,
1745,450000,18,101,5.76E+10,,,,,,
1746,460000,18,101,5.74E+10,,,,,,
1747,470000,18,101,5.72E+10,,,,,,
1748,480000,18,101,5.71E+10,,,,,,
1749,490000,18,101,5.69E+10,,,,,,
1750,500000,18,101,5.67E+10,,,,,,
1751,510000,18,101,5.66E+10,,,,,,
1752,520000,18,101,5.64E+10,,,,,,
1753,530000,18,101,5.63E+10,,,,,,
1754,540000,18,101,5.62E+10,,,,,,
1755,550000,18,101,5.60E+10,,,,,,
1756,560000,18,101,5.59E+10,,,,,,
1757,570000,18,101,5.57E+10,,,,,,
1758,580000,18,101,5.56E+10,,,,,,
1759,590000,18,101,5.55E+10,,,,,,
1760,600000,18,101,5.54E+10,,,,,,
1761,610000,18,101,5.53E+10,,,,,,
1762,620000,18,101,5.51E+10,,,,,,
1763,630000,18,101,5.50E+10,,,,,,
1764,640000,18,101,5.49E+10,,,,,,
1765,650000,18,101,5.48E+10,,,,,,
1766,660000,18,101,5.47E+10,,,,,,
1767,670000,18,101,5.45E+10,,,,,,
1768,680000,18,101,5.44E+10,,,,,,
1769,690000,18,101,5.43E+10,,,,,,
1770,700000,18,101,5.42E+10,,,,,,
1771,710000,18,101,5.40E+10,,,,,,
1772,720000,18,101,5.39E+10,,,,,,
1773,730000,18,101,5.38E+10,,,,,,
1774,740000,18,101,5.37E+10,,,,,,
1775,750000,18,101,5.35E+10,,,,,,
1776,760000,18,101,5.34E+10,,,,,,
1777,770000,18,101,5.33E+10,,,,,,
1778,780000,18,101,5.31E+10,,,,,,
1779,790000,18,101,5.30E+10,,,,,,
1780,800000,18,101,5.29E+10,,,,,,
1781,810000,18,101,5.28E+10,,,,,,
1782,820000,18,101,5.26E+10,,,,,,
1783,830000,18,101,5.24E+10,,,,,,
1784,840000,18,101,5.23E+10,,,,,,
1785,850000,18,101,5.22E+10,,,,,,
1786,860000,18,101,5.21E+10,,,,,,
1787,870000,18,101,5.20E+10,,,,,,
1789,890000,18,101,5.17E+10,,,,,,
1788,880000,18,101,5.19E+10,,,,,,
1790,900000,18,101,5.16E+10,,,,,,
1791,910000,18,101,5.15E+10,,,,,,
1793,930000,18,101,5.12E+10,,,,,,
1792,920000,18,101,5.14E+10,,,,,,
1794,940000,18,101,5.11E+10,,,,,,
1795,950000,18,101,5.10E+10,,,,,,
1797,970000,18,101,5.08E+10,,,,,,
1796,960000,18,101,5.08E+10,,,,,,
1798,980000,18,101,5.07E+10,,,,,,
1799,990000,18,101,5.06E+10,,,,,,
1800,1000000,18,101,5.05E+10,,,,,,
1801,10000,19,101,7.67E+10,,,,,,
1802,20000,19,101,7.65E+10,,,,,,
1803,30000,19,101,7.63E+10,,,,,,
1804,40000,19,101,7.61E+10,,,,,,
1805,50000,19,101,7.58E+10,,,,,,
1806,60000,19,101,7.57E+10,,,,,,
1807,70000,19,101,7.54E+10,,,,,,
1808,80000,19,101,7.53E+10,,,,,,
1809,90000,19,101,7.50E+10,,,,,,
1810,100000,19,101,7.48E+10,,,,,,
1811,110000,19,101,7.47E+10,,,,,,
1812,120000,19,101,7.45E+10,,,,,,
1813,130000,19,101,7.43E+10,,,,,,
1814,140000,19,101,7.39E+10,,,,,,
1815,150000,19,101,7.37E+10,,,,,,
1816,160000,19,101,7.36E+10,,,,,,
1817,170000,19,101,7.34E+10,,,,,,
1818,180000,19,101,7.32E+10,,,,,,
1819,190000,19,101,7.30E+10,,,,,,
1820,200000,19,101,7.28E+10,,,,,,
1821,210000,19,101,7.26E+10,,,,,,
1822,220000,19,101,7.24E+10,,,,,,
1823,230000,19,101,7.22E+10,,,,,,
1824,240000,19,101,7.19E+10,,,,,,
1825,250000,19,101,7.17E+10,,,,,,
1826,260000,19,101,7.16E+10,,,,,,
1827,270000,19,101,7.14E+10,,,,,,
1828,280000,19,101,7.12E+10,,,,,,
1829,290000,19,101,7.11E+10,,,,,,
1830,300000,19,101,7.09E+10,,,,,,
1831,310000,19,101,7.08E+10,,,,,,
1832,320000,19,101,7.06E+10,,,,,,
1833,330000,19,101,7.04E+10,,,,,,
1834,340000,19,101,7.02E+10,,,,,,
1835,350000,19,101,7.00E+10,,,,,,
1836,360000,19,101,6.98E+10,,,,,,
1837,370000,19,101,6.96E+10,,,,,,
1838,380000,19,101,6.95E+10,,,,,,
1839,390000,19,101,6.92E+10,,,,,,
1840,400000,19,101,6.90E+10,,,,,,
1841,410000,19,101,6.87E+10,,,,,,
1842,420000,19,101,6.85E+10,,,,,,
1843,430000,19,101,6.83E+10,,,,,,
1844,440000,19,101,6.82E+10,,,,,,
1845,450000,19,101,6.79E+10,,,,,,
1847,470000,19,101,6.75E+10,,,,,,
1846,460000,19,101,6.77E+10,,,,,,
1848,480000,19,101,6.74E+10,,,,,,
1849,490000,19,101,6.72E+10,,,,,,
1850,500000,19,101,6.70E+10,,,,,,
1851,510000,19,101,6.69E+10,,,,,,
1852,520000,19,101,6.67E+10,,,,,,
1853,530000,19,101,6.65E+10,,,,,,
1854,540000,19,101,6.63E+10,,,,,,
1855,550000,19,101,6.62E+10,,,,,,
1856,560000,19,101,6.61E+10,,,,,,
1857,570000,19,101,6.59E+10,,,,,,
1858,580000,19,101,6.57E+10,,,,,,
1859,590000,19,101,6.56E+10,,,,,,
1860,600000,19,101,6.55E+10,,,,,,
1861,610000,19,101,6.53E+10,,,,,,
1862,620000,19,101,6.52E+10,,,,,,
1863,630000,19,101,6.51E+10,,,,,,
1864,640000,19,101,6.48E+10,,,,,,
1865,650000,19,101,6.47E+10,,,,,,
1866,660000,19,101,6.46E+10,,,,,,
1867,670000,19,101,6.43E+10,,,,,,
1868,680000,19,101,6.42E+10,,,,,,
1869,690000,19,101,6.41E+10,,,,,,
1870,700000,19,101,6.40E+10,,,,,,
1871,710000,19,101,6.38E+10,,,,,,
1872,720000,19,101,6.37E+10,,,,,,
1873,730000,19,101,6.35E+10,,,,,,
1874,740000,19,101,6.33E+10,,,,,,
1875,750000,19,101,6.31E+10,,,,,,
1876,760000,19,101,6.29E+10,,,,,,
1877,770000,19,101,6.28E+10,,,,,,
1878,780000,19,101,6.27E+10,,,,,,
1879,790000,19,101,6.26E+10,,,,,,
1880,800000,19,101,6.24E+10,,,,,,
1881,810000,19,101,6.22E+10,,,,,,
1882,820000,19,101,6.21E+10,,,,,,
1883,830000,19,101,6.20E+10,,,,,,
1884,840000,19,101,6.18E+10,,,,,,
1885,850000,19,101,6.16E+10,,,,,,
1886,860000,19,101,6.15E+10,,,,,,
1887,870000,19,101,6.13E+10,,,,,,
1888,880000,19,101,6.12E+10,,,,,,
1890,900000,19,101,6.09E+10,,,,,,
1889,890000,19,101,6.11E+10,,,,,,
1891,910000,19,101,6.08E+10,,,,,,
1892,920000,19,101,6.06E+10,,,,,,
1893,930000,19,101,6.05E+10,,,,,,
1894,940000,19,101,6.04E+10,,,,,,
1895,950000,19,101,6.03E+10,,,,,,
1896,960000,19,101,6.02E+10,,,,,,
1897,970000,19,101,6.00E+10,,,,,,
1898,980000,19,101,5.99E+10,,,,,,
1899,990000,19,101,5.97E+10,,,,,,
1900,1000000,19,101,5.96E+10,,,,,,
1901,10000,20,101,8.96E+10,,,,,,
1902,20000,20,101,8.94E+10,,,,,,
1903,30000,20,101,8.93E+10,,,,,,
1904,40000,20,101,8.90E+10,,,,,,
1905,50000,20,101,8.89E+10,,,,,,
1906,60000,20,101,8.86E+10,,,,,,
1907,70000,20,101,8.83E+10,,,,,,
1908,80000,20,101,8.80E+10,,,,,,
1909,90000,20,101,8.78E+10,,,,,,
1910,100000,20,101,8.76E+10,,,,,,
1911,110000,20,101,8.74E+10,,,,,,
1912,120000,20,101,8.72E+10,,,,,,
1913,130000,20,101,8.70E+10,,,,,,
1914,140000,20,101,8.67E+10,,,,,,
1915,150000,20,101,8.66E+10,,,,,,
1916,160000,20,101,8.64E+10,,,,,,
1917,170000,20,101,8.61E+10,,,,,,
1918,180000,20,101,8.58E+10,,,,,,
1919,190000,20,101,8.55E+10,,,,,,
1921,210000,20,101,8.50E+10,,,,,,
1920,200000,20,101,8.52E+10,,,,,,
1922,220000,20,101,8.47E+10,,,,,,
1923,230000,20,101,8.45E+10,,,,,,
1924,240000,20,101,8.42E+10,,,,,,
1925,250000,20,101,8.40E+10,,,,,,
1926,260000,20,101,8.36E+10,,,,,,
1927,270000,20,101,8.34E+10,,,,,,
1929,290000,20,101,8.30E+10,,,,,,
1928,280000,20,101,8.32E+10,,,,,,
1930,300000,20,101,8.29E+10,,,,,,
1931,310000,20,101,8.26E+10,,,,,,
1932,320000,20,101,8.24E+10,,,,,,
1933,330000,20,101,8.22E+10,,,,,,
1934,340000,20,101,8.20E+10,,,,,,
1935,350000,20,101,8.17E+10,,,,,,
1936,360000,20,101,8.16E+10,,,,,,
1937,370000,20,101,8.14E+10,,,,,,
1938,380000,20,101,8.12E+10,,,,,,
1939,390000,20,101,8.10E+10,,,,,,
1940,400000,20,101,8.08E+10,,,,,,
1941,410000,20,101,8.05E+10,,,,,,
1942,420000,20,101,8.03E+10,,,,,,
1943,430000,20,101,8.01E+10,,,,,,
1944,440000,20,101,7.99E+10,,,,,,
1945,450000,20,101,7.98E+10,,,,,,
1946,460000,20,101,7.96E+10,,,,,,
1949,490000,20,101,7.89E+10,,,,,,
1948,480000,20,101,7.91E+10,,,,,,
1947,470000,20,101,7.93E+10,,,,,,
1950,500000,20,101,7.87E+10,,,,,,
1951,510000,20,101,7.85E+10,,,,,,
1952,520000,20,101,7.84E+10,,,,,,
1953,530000,20,101,7.82E+10,,,,,,
1954,540000,20,101,7.80E+10,,,,,,
1955,550000,20,101,7.78E+10,,,,,,
1956,560000,20,101,7.76E+10,,,,,,
1957,570000,20,101,7.75E+10,,,,,,
1958,580000,20,101,7.73E+10,,,,,,
1959,590000,20,101,7.71E+10,,,,,,
1960,600000,20,101,7.70E+10,,,,,,
1961,610000,20,101,7.67E+10,,,,,,
1962,620000,20,101,7.65E+10,,,,,,
1963,630000,20,101,7.64E+10,,,,,,
1964,640000,20,101,7.62E+10,,,,,,
1965,650000,20,101,7.61E+10,,,,,,
1966,660000,20,101,7.59E+10,,,,,,
1967,670000,20,101,7.58E+10,,,,,,
1968,680000,20,101,7.55E+10,,,,,,
1969,690000,20,101,7.54E+10,,,,,,
1970,700000,20,101,7.52E+10,,,,,,
1971,710000,20,101,7.50E+10,,,,,,
1972,720000,20,101,7.48E+10,,,,,,
1973,730000,20,101,7.46E+10,,,,,,
1974,740000,20,101,7.44E+10,,,,,,
1975,750000,20,101,7.43E+10,,,,,,
1977,770000,20,101,7.38E+10,,,,,,
1976,760000,20,101,7.41E+10,,,,,,
1978,780000,20,101,7.36E+10,,,,,,
1979,790000,20,101,7.35E+10,,,,,,
1981,810000,20,101,7.31E+10,,,,,,
1980,800000,20,101,7.33E+10,,,,,,
1982,820000,20,101,7.29E+10,,,,,,
1983,830000,20,101,7.28E+10,,,,,,
1984,840000,20,101,7.26E+10,,,,,,
1985,850000,20,101,7.25E+10,,,,,,
1986,860000,20,101,7.23E+10,,,,,,
1987,870000,20,101,7.22E+10,,,,,,
1988,880000,20,101,7.20E+10,,,,,,
1989,890000,20,101,7.18E+10,,,,,,
1991,910000,20,101,7.15E+10,,,,,,
1990,900000,20,101,7.16E+10,,,,,,
1992,920000,20,101,7.13E+10,,,,,,
1993,930000,20,101,7.11E+10,,,,,,
1994,940000,20,101,7.10E+10,,,,,,
1995,950000,20,101,7.08E+10,,,,,,
1996,960000,20,101,7.06E+10,,,,,,
1997,970000,20,101,7.05E+10,,,,,,
1998,980000,20,101,7.04E+10,,,,,,
1999,990000,20,101,7.02E+10,,,,,,
2000,1000000,20,101,7.01E+10,,,,,,